data,abertura,maxima,minima,fechamento,volume,produto,unidade,fonte
2022-08-29,240.5500030517578,240.5500030517578,240.5500030517578,240.5,1,cafe_arabica_futuro,USD cents/lb,"Yahoo Finance (ticker KC=F, futuro ICE)"
2022-08-30,238.75,241.75,238.75,239.14999389648438,14,cafe_arabica_futuro,USD cents/lb,"Yahoo Finance (ticker KC=F, futuro ICE)"
2022-08-31,240.75,240.75,239.64999389648438,239.10000610351562,12,cafe_arabica_futuro,USD cents/lb,"Yahoo Finance (ticker KC=F, futuro ICE)"
2022-09-01,238.5500030517578,238.5500030517578,236.60000610351562,236.35000610351562,6,cafe_arabica_futuro,USD cents/lb,"Yahoo Finance (ticker KC=F, futuro ICE)"
2022-09-02,236.89999389648438,237.5500030517578,232.3000030517578,232.64999389648438,7,cafe_arabica_futuro,USD cents/lb,"Yahoo Finance (ticker KC=F, futuro ICE)"
2022-09-06,232.0,234.0,232.0,233.89999389648438,3,cafe_arabica_futuro,USD cents/lb,"Yahoo Finance (ticker KC=F, futuro ICE)"
2022-09-07,229.3000030517578,229.5,227.1999969482422,226.89999389648438,8,cafe_arabica_futuro,USD cents/lb,"Yahoo Finance (ticker KC=F, futuro ICE)"
2022-09-08,227.5,227.5,225.60000610351562,225.85000610351562,4,cafe_arabica_futuro,USD cents/lb,"Yahoo Finance (ticker KC=F, futuro ICE)"
2022-09-09,229.6999969482422,229.6999969482422,229.6999969482422,231.5,13,cafe_arabica_futuro,USD cents/lb,"Yahoo Finance (ticker KC=F, futuro ICE)"
2022-09-12,227.5,228.14999389648438,227.5,227.75,16,cafe_arabica_futuro,USD cents/lb,"Yahoo Finance (ticker KC=F, futuro ICE)"
2022-09-13,225.85000610351562,225.85000610351562,221.5,223.9499969482422,11,cafe_arabica_futuro,USD cents/lb,"Yahoo Finance (ticker KC=F, futuro ICE)"
2022-09-14,225.85000610351562,225.85000610351562,215.75,217.60000610351562,26,cafe_arabica_futuro,USD cents/lb,"Yahoo Finance (ticker KC=F, futuro ICE)"
2022-09-15,219.1999969482422,219.1999969482422,219.1999969482422,219.14999389648438,1,cafe_arabica_futuro,USD cents/lb,"Yahoo Finance (ticker KC=F, futuro ICE)"
2022-09-16,216.14999389648438,216.14999389648438,216.14999389648438,218.0500030517578,3,cafe_arabica_futuro,USD cents/lb,"Yahoo Finance (ticker KC=F, futuro ICE)"
2022-09-19,224.0500030517578,224.0500030517578,224.0500030517578,224.0500030517578,0,cafe_arabica_futuro,USD cents/lb,"Yahoo Finance (ticker KC=F, futuro ICE)"
2022-09-20,228.10000610351562,228.10000610351562,228.10000610351562,228.10000610351562,16865,cafe_arabica_futuro,USD cents/lb,"Yahoo Finance (ticker KC=F, futuro ICE)"
2022-09-21,224.6999969482422,226.39999389648438,219.39999389648438,221.3000030517578,11658,cafe_arabica_futuro,USD cents/lb,"Yahoo Finance (ticker KC=F, futuro ICE)"
2022-09-22,220.75,224.39999389648438,218.10000610351562,223.5500030517578,11419,cafe_arabica_futuro,USD cents/lb,"Yahoo Finance (ticker KC=F, futuro ICE)"
2022-09-23,222.39999389648438,223.39999389648438,217.25,220.4499969482422,12356,cafe_arabica_futuro,USD cents/lb,"Yahoo Finance (ticker KC=F, futuro ICE)"
2022-09-26,218.5,232.0500030517578,218.39999389648438,223.8000030517578,23523,cafe_arabica_futuro,USD cents/lb,"Yahoo Finance (ticker KC=F, futuro ICE)"
2022-09-27,225.0,229.0500030517578,222.89999389648438,224.35000610351562,15720,cafe_arabica_futuro,USD cents/lb,"Yahoo Finance (ticker KC=F, futuro ICE)"
2022-09-28,223.9499969482422,229.39999389648438,220.35000610351562,228.6999969482422,17981,cafe_arabica_futuro,USD cents/lb,"Yahoo Finance (ticker KC=F, futuro ICE)"
2022-09-29,228.1999969482422,229.75,224.1999969482422,225.6999969482422,14501,cafe_arabica_futuro,USD cents/lb,"Yahoo Finance (ticker KC=F, futuro ICE)"
2022-09-30,225.1999969482422,226.4499969482422,220.89999389648438,221.5500030517578,16727,cafe_arabica_futuro,USD cents/lb,"Yahoo Finance (ticker KC=F, futuro ICE)"
2022-10-03,220.8000030517578,222.64999389648438,214.75,215.75,22478,cafe_arabica_futuro,USD cents/lb,"Yahoo Finance (ticker KC=F, futuro ICE)"
2022-10-04,216.5500030517578,222.4499969482422,216.3000030517578,219.3000030517578,20035,cafe_arabica_futuro,USD cents/lb,"Yahoo Finance (ticker KC=F, futuro ICE)"
2022-10-05,219.64999389648438,226.3000030517578,218.10000610351562,224.64999389648438,23923,cafe_arabica_futuro,USD cents/lb,"Yahoo Finance (ticker KC=F, futuro ICE)"
2022-10-06,226.25,226.4499969482422,216.75,217.6999969482422,22410,cafe_arabica_futuro,USD cents/lb,"Yahoo Finance (ticker KC=F, futuro ICE)"
2022-10-07,217.9499969482422,221.0500030517578,213.8000030517578,218.10000610351562,21179,cafe_arabica_futuro,USD cents/lb,"Yahoo Finance (ticker KC=F, futuro ICE)"
2022-10-10,217.0,219.35000610351562,215.35000610351562,217.4499969482422,11673,cafe_arabica_futuro,USD cents/lb,"Yahoo Finance (ticker KC=F, futuro ICE)"
2022-10-11,216.89999389648438,220.89999389648438,215.14999389648438,217.85000610351562,15733,cafe_arabica_futuro,USD cents/lb,"Yahoo Finance (ticker KC=F, futuro ICE)"
2022-10-12,217.39999389648438,218.85000610351562,209.1999969482422,209.75,31777,cafe_arabica_futuro,USD cents/lb,"Yahoo Finance (ticker KC=F, futuro ICE)"
2022-10-13,209.6999969482422,210.60000610351562,201.10000610351562,202.14999389648438,34565,cafe_arabica_futuro,USD cents/lb,"Yahoo Finance (ticker KC=F, futuro ICE)"
2022-10-14,203.0,204.60000610351562,195.64999389648438,196.6999969482422,31214,cafe_arabica_futuro,USD cents/lb,"Yahoo Finance (ticker KC=F, futuro ICE)"
2022-10-17,197.5,199.6999969482422,194.0500030517578,195.5500030517578,21872,cafe_arabica_futuro,USD cents/lb,"Yahoo Finance (ticker KC=F, futuro ICE)"
2022-10-18,196.3000030517578,197.8000030517578,193.1999969482422,195.10000610351562,18453,cafe_arabica_futuro,USD cents/lb,"Yahoo Finance (ticker KC=F, futuro ICE)"
2022-10-19,195.10000610351562,196.4499969482422,190.14999389648438,192.3000030517578,19265,cafe_arabica_futuro,USD cents/lb,"Yahoo Finance (ticker KC=F, futuro ICE)"
2022-10-20,190.14999389648438,194.60000610351562,188.1999969482422,191.0500030517578,20022,cafe_arabica_futuro,USD cents/lb,"Yahoo Finance (ticker KC=F, futuro ICE)"
2022-10-21,188.6999969482422,192.5500030517578,186.1999969482422,190.89999389648438,17813,cafe_arabica_futuro,USD cents/lb,"Yahoo Finance (ticker KC=F, futuro ICE)"
2022-10-24,190.0500030517578,194.14999389648438,188.89999389648438,190.39999389648438,18487,cafe_arabica_futuro,USD cents/lb,"Yahoo Finance (ticker KC=F, futuro ICE)"
2022-10-25,191.10000610351562,192.8000030517578,183.3000030517578,185.8000030517578,28943,cafe_arabica_futuro,USD cents/lb,"Yahoo Finance (ticker KC=F, futuro ICE)"
2022-10-26,184.89999389648438,185.75,179.0500030517578,179.75,25195,cafe_arabica_futuro,USD cents/lb,"Yahoo Finance (ticker KC=F, futuro ICE)"
2022-10-27,181.0,183.60000610351562,178.10000610351562,178.85000610351562,19567,cafe_arabica_futuro,USD cents/lb,"Yahoo Finance (ticker KC=F, futuro ICE)"
2022-10-28,178.85000610351562,179.64999389648438,167.75,169.8000030517578,30554,cafe_arabica_futuro,USD cents/lb,"Yahoo Finance (ticker KC=F, futuro ICE)"
2022-10-31,171.6999969482422,178.5500030517578,171.5500030517578,177.6999969482422,26373,cafe_arabica_futuro,USD cents/lb,"Yahoo Finance (ticker KC=F, futuro ICE)"
2022-11-01,177.85000610351562,180.60000610351562,173.8000030517578,174.60000610351562,21709,cafe_arabica_futuro,USD cents/lb,"Yahoo Finance (ticker KC=F, futuro ICE)"
2022-11-02,175.1999969482422,183.39999389648438,175.1999969482422,182.14999389648438,19829,cafe_arabica_futuro,USD cents/lb,"Yahoo Finance (ticker KC=F, futuro ICE)"
2022-11-03,181.14999389648438,181.25,170.0,172.1999969482422,23035,cafe_arabica_futuro,USD cents/lb,"Yahoo Finance (ticker KC=F, futuro ICE)"
2022-11-04,174.39999389648438,177.89999389648438,173.4499969482422,175.75,15422,cafe_arabica_futuro,USD cents/lb,"Yahoo Finance (ticker KC=F, futuro ICE)"
2022-11-07,175.6999969482422,177.5500030517578,166.4499969482422,170.5500030517578,27609,cafe_arabica_futuro,USD cents/lb,"Yahoo Finance (ticker KC=F, futuro ICE)"
2022-11-08,171.5,172.5500030517578,163.8000030517578,166.4499969482422,27557,cafe_arabica_futuro,USD cents/lb,"Yahoo Finance (ticker KC=F, futuro ICE)"
2022-11-09,164.89999389648438,168.4499969482422,163.64999389648438,165.14999389648438,22941,cafe_arabica_futuro,USD cents/lb,"Yahoo Finance (ticker KC=F, futuro ICE)"
2022-11-10,165.3000030517578,171.6999969482422,162.89999389648438,171.0,23681,cafe_arabica_futuro,USD cents/lb,"Yahoo Finance (ticker KC=F, futuro ICE)"
2022-11-11,170.25,173.6999969482422,168.6999969482422,170.10000610351562,18694,cafe_arabica_futuro,USD cents/lb,"Yahoo Finance (ticker KC=F, futuro ICE)"
2022-11-14,168.6999969482422,168.6999969482422,163.39999389648438,166.1999969482422,11888,cafe_arabica_futuro,USD cents/lb,"Yahoo Finance (ticker KC=F, futuro ICE)"
2022-11-15,166.14999389648438,167.6999969482422,154.10000610351562,156.75,12892,cafe_arabica_futuro,USD cents/lb,"Yahoo Finance (ticker KC=F, futuro ICE)"
2022-11-16,158.89999389648438,159.5500030517578,154.3000030517578,155.4499969482422,7028,cafe_arabica_futuro,USD cents/lb,"Yahoo Finance (ticker KC=F, futuro ICE)"
2022-11-17,154.89999389648438,156.14999389648438,150.60000610351562,152.6999969482422,6069,cafe_arabica_futuro,USD cents/lb,"Yahoo Finance (ticker KC=F, futuro ICE)"
2022-11-18,153.64999389648438,157.0500030517578,150.75,151.3000030517578,4246,cafe_arabica_futuro,USD cents/lb,"Yahoo Finance (ticker KC=F, futuro ICE)"
2022-11-21,151.5,159.0,150.4499969482422,157.5,303,cafe_arabica_futuro,USD cents/lb,"Yahoo Finance (ticker KC=F, futuro ICE)"
2022-11-22,160.0,162.25,160.0,161.8000030517578,14,cafe_arabica_futuro,USD cents/lb,"Yahoo Finance (ticker KC=F, futuro ICE)"
2022-11-23,163.85000610351562,163.85000610351562,160.1999969482422,160.10000610351562,19,cafe_arabica_futuro,USD cents/lb,"Yahoo Finance (ticker KC=F, futuro ICE)"
2022-11-25,162.3000030517578,162.3000030517578,162.3000030517578,163.5500030517578,14,cafe_arabica_futuro,USD cents/lb,"Yahoo Finance (ticker KC=F, futuro ICE)"
2022-11-28,162.89999389648438,162.89999389648438,160.85000610351562,160.64999389648438,4,cafe_arabica_futuro,USD cents/lb,"Yahoo Finance (ticker KC=F, futuro ICE)"
2022-11-29,166.6999969482422,166.6999969482422,166.6999969482422,166.6999969482422,4,cafe_arabica_futuro,USD cents/lb,"Yahoo Finance (ticker KC=F, futuro ICE)"
2022-11-30,167.5,167.5,167.5,167.6999969482422,1,cafe_arabica_futuro,USD cents/lb,"Yahoo Finance (ticker KC=F, futuro ICE)"
2022-12-01,170.0,170.4499969482422,170.0,163.35000610351562,2,cafe_arabica_futuro,USD cents/lb,"Yahoo Finance (ticker KC=F, futuro ICE)"
2022-12-02,159.64999389648438,161.4499969482422,159.64999389648438,160.14999389648438,11,cafe_arabica_futuro,USD cents/lb,"Yahoo Finance (ticker KC=F, futuro ICE)"
2022-12-05,160.14999389648438,160.14999389648438,160.14999389648438,160.14999389648438,0,cafe_arabica_futuro,USD cents/lb,"Yahoo Finance (ticker KC=F, futuro ICE)"
2022-12-06,161.10000610351562,161.10000610351562,161.10000610351562,161.0500030517578,1,cafe_arabica_futuro,USD cents/lb,"Yahoo Finance (ticker KC=F, futuro ICE)"
2022-12-07,157.6999969482422,157.6999969482422,157.6999969482422,157.6999969482422,8,cafe_arabica_futuro,USD cents/lb,"Yahoo Finance (ticker KC=F, futuro ICE)"
2022-12-08,158.5,158.5,157.0,156.89999389648438,8,cafe_arabica_futuro,USD cents/lb,"Yahoo Finance (ticker KC=F, futuro ICE)"
2022-12-09,158.5,158.5,157.0,157.75,35,cafe_arabica_futuro,USD cents/lb,"Yahoo Finance (ticker KC=F, futuro ICE)"
2022-12-12,156.3000030517578,156.5,155.0,166.35000610351562,20,cafe_arabica_futuro,USD cents/lb,"Yahoo Finance (ticker KC=F, futuro ICE)"
2022-12-13,165.5,165.5,165.0,167.14999389648438,29,cafe_arabica_futuro,USD cents/lb,"Yahoo Finance (ticker KC=F, futuro ICE)"
2022-12-14,167.0,169.60000610351562,166.5,168.3000030517578,104,cafe_arabica_futuro,USD cents/lb,"Yahoo Finance (ticker KC=F, futuro ICE)"
2022-12-15,171.5,171.5,171.5,171.5,2,cafe_arabica_futuro,USD cents/lb,"Yahoo Finance (ticker KC=F, futuro ICE)"
2022-12-16,164.14999389648438,164.14999389648438,164.14999389648438,164.14999389648438,0,cafe_arabica_futuro,USD cents/lb,"Yahoo Finance (ticker KC=F, futuro ICE)"
2022-12-19,164.0500030517578,164.0500030517578,164.0500030517578,164.0500030517578,12459,cafe_arabica_futuro,USD cents/lb,"Yahoo Finance (ticker KC=F, futuro ICE)"
2022-12-20,164.5,169.64999389648438,164.1999969482422,167.8000030517578,12859,cafe_arabica_futuro,USD cents/lb,"Yahoo Finance (ticker KC=F, futuro ICE)"
2022-12-21,168.5,170.35000610351562,167.10000610351562,169.35000610351562,10144,cafe_arabica_futuro,USD cents/lb,"Yahoo Finance (ticker KC=F, futuro ICE)"
2022-12-22,169.10000610351562,170.1999969482422,165.14999389648438,168.89999389648438,10468,cafe_arabica_futuro,USD cents/lb,"Yahoo Finance (ticker KC=F, futuro ICE)"
2022-12-23,168.89999389648438,172.64999389648438,168.8000030517578,172.0,9136,cafe_arabica_futuro,USD cents/lb,"Yahoo Finance (ticker KC=F, futuro ICE)"
2022-12-27,171.0,171.0,165.6999969482422,166.9499969482422,10951,cafe_arabica_futuro,USD cents/lb,"Yahoo Finance (ticker KC=F, futuro ICE)"
2022-12-28,166.75,174.9499969482422,166.6999969482422,173.5500030517578,16432,cafe_arabica_futuro,USD cents/lb,"Yahoo Finance (ticker KC=F, futuro ICE)"
2022-12-29,172.9499969482422,173.39999389648438,169.25,170.0500030517578,10617,cafe_arabica_futuro,USD cents/lb,"Yahoo Finance (ticker KC=F, futuro ICE)"
2022-12-30,169.10000610351562,172.4499969482422,165.14999389648438,167.3000030517578,13417,cafe_arabica_futuro,USD cents/lb,"Yahoo Finance (ticker KC=F, futuro ICE)"
2023-01-03,166.4499969482422,171.14999389648438,164.64999389648438,166.3000030517578,18913,cafe_arabica_futuro,USD cents/lb,"Yahoo Finance (ticker KC=F, futuro ICE)"
2023-01-04,167.25,167.9499969482422,159.25,161.3000030517578,21948,cafe_arabica_futuro,USD cents/lb,"Yahoo Finance (ticker KC=F, futuro ICE)"
2023-01-05,162.25,163.14999389648438,159.5,160.5500030517578,15424,cafe_arabica_futuro,USD cents/lb,"Yahoo Finance (ticker KC=F, futuro ICE)"
2023-01-06,160.10000610351562,162.5500030517578,157.14999389648438,158.3000030517578,16254,cafe_arabica_futuro,USD cents/lb,"Yahoo Finance (ticker KC=F, futuro ICE)"
2023-01-09,158.3000030517578,161.1999969482422,156.39999389648438,158.0500030517578,23893,cafe_arabica_futuro,USD cents/lb,"Yahoo Finance (ticker KC=F, futuro ICE)"
2023-01-10,157.0,158.0500030517578,149.10000610351562,150.89999389648438,36499,cafe_arabica_futuro,USD cents/lb,"Yahoo Finance (ticker KC=F, futuro ICE)"
2023-01-11,149.8000030517578,150.5,142.0500030517578,143.89999389648438,37941,cafe_arabica_futuro,USD cents/lb,"Yahoo Finance (ticker KC=F, futuro ICE)"
2023-01-12,143.89999389648438,150.75,143.89999389648438,149.39999389648438,30546,cafe_arabica_futuro,USD cents/lb,"Yahoo Finance (ticker KC=F, futuro ICE)"
2023-01-13,150.5500030517578,152.35000610351562,147.0,151.6999969482422,23810,cafe_arabica_futuro,USD cents/lb,"Yahoo Finance (ticker KC=F, futuro ICE)"
2023-01-17,150.5,152.10000610351562,148.5,151.10000610351562,16457,cafe_arabica_futuro,USD cents/lb,"Yahoo Finance (ticker KC=F, futuro ICE)"
2023-01-18,151.5500030517578,156.0500030517578,151.5,155.0,18098,cafe_arabica_futuro,USD cents/lb,"Yahoo Finance (ticker KC=F, futuro ICE)"
2023-01-19,154.5,157.5500030517578,153.60000610351562,154.60000610351562,18129,cafe_arabica_futuro,USD cents/lb,"Yahoo Finance (ticker KC=F, futuro ICE)"
2023-01-20,154.4499969482422,155.39999389648438,151.85000610351562,154.8000030517578,12912,cafe_arabica_futuro,USD cents/lb,"Yahoo Finance (ticker KC=F, futuro ICE)"
2023-01-23,154.75,159.9499969482422,154.5,158.5500030517578,25536,cafe_arabica_futuro,USD cents/lb,"Yahoo Finance (ticker KC=F, futuro ICE)"
2023-01-24,158.9499969482422,161.25,156.85000610351562,159.85000610351562,21920,cafe_arabica_futuro,USD cents/lb,"Yahoo Finance (ticker KC=F, futuro ICE)"
2023-01-25,160.0,163.3000030517578,159.60000610351562,162.4499969482422,18753,cafe_arabica_futuro,USD cents/lb,"Yahoo Finance (ticker KC=F, futuro ICE)"
2023-01-26,162.64999389648438,167.75,162.4499969482422,167.14999389648438,24862,cafe_arabica_futuro,USD cents/lb,"Yahoo Finance (ticker KC=F, futuro ICE)"
2023-01-27,167.10000610351562,170.14999389648438,165.9499969482422,169.89999389648438,26795,cafe_arabica_futuro,USD cents/lb,"Yahoo Finance (ticker KC=F, futuro ICE)"
2023-01-30,168.0,171.64999389648438,167.0500030517578,170.39999389648438,25647,cafe_arabica_futuro,USD cents/lb,"Yahoo Finance (ticker KC=F, futuro ICE)"
2023-01-31,170.0500030517578,182.8000030517578,169.85000610351562,181.75,46686,cafe_arabica_futuro,USD cents/lb,"Yahoo Finance (ticker KC=F, futuro ICE)"
2023-02-01,180.3000030517578,184.1999969482422,175.5500030517578,175.89999389648438,31812,cafe_arabica_futuro,USD cents/lb,"Yahoo Finance (ticker KC=F, futuro ICE)"
2023-02-02,177.0,181.35000610351562,176.5500030517578,177.89999389648438,20530,cafe_arabica_futuro,USD cents/lb,"Yahoo Finance (ticker KC=F, futuro ICE)"
2023-02-03,176.39999389648438,177.89999389648438,172.0500030517578,172.8000030517578,27217,cafe_arabica_futuro,USD cents/lb,"Yahoo Finance (ticker KC=F, futuro ICE)"
2023-02-06,172.5500030517578,176.9499969482422,171.25,175.6999969482422,24699,cafe_arabica_futuro,USD cents/lb,"Yahoo Finance (ticker KC=F, futuro ICE)"
2023-02-07,177.14999389648438,178.5,172.9499969482422,177.0500030517578,37402,cafe_arabica_futuro,USD cents/lb,"Yahoo Finance (ticker KC=F, futuro ICE)"
2023-02-08,177.0,177.60000610351562,174.3000030517578,175.60000610351562,28501,cafe_arabica_futuro,USD cents/lb,"Yahoo Finance (ticker KC=F, futuro ICE)"
2023-02-09,175.89999389648438,177.0500030517578,172.0500030517578,173.64999389648438,25230,cafe_arabica_futuro,USD cents/lb,"Yahoo Finance (ticker KC=F, futuro ICE)"
2023-02-10,174.6999969482422,177.1999969482422,174.0,174.75,26854,cafe_arabica_futuro,USD cents/lb,"Yahoo Finance (ticker KC=F, futuro ICE)"
2023-02-13,174.5,179.75,174.0,177.0500030517578,18227,cafe_arabica_futuro,USD cents/lb,"Yahoo Finance (ticker KC=F, futuro ICE)"
2023-02-14,178.0,184.0,177.5500030517578,183.5500030517578,13233,cafe_arabica_futuro,USD cents/lb,"Yahoo Finance (ticker KC=F, futuro ICE)"
2023-02-15,181.89999389648438,182.75,175.25,176.85000610351562,10888,cafe_arabica_futuro,USD cents/lb,"Yahoo Finance (ticker KC=F, futuro ICE)"
2023-02-16,178.25,183.25,176.75,180.6999969482422,4543,cafe_arabica_futuro,USD cents/lb,"Yahoo Finance (ticker KC=F, futuro ICE)"
2023-02-17,180.85000610351562,189.85000610351562,179.9499969482422,188.6999969482422,315,cafe_arabica_futuro,USD cents/lb,"Yahoo Finance (ticker KC=F, futuro ICE)"
2023-02-21,188.3000030517578,197.3000030517578,188.3000030517578,194.4499969482422,123,cafe_arabica_futuro,USD cents/lb,"Yahoo Finance (ticker KC=F, futuro ICE)"
2023-02-22,194.5500030517578,199.75,194.5500030517578,199.5,42,cafe_arabica_futuro,USD cents/lb,"Yahoo Finance (ticker KC=F, futuro ICE)"
2023-02-23,197.6999969482422,197.6999969482422,193.25,193.64999389648438,38,cafe_arabica_futuro,USD cents/lb,"Yahoo Finance (ticker KC=F, futuro ICE)"
2023-02-24,192.89999389648438,192.89999389648438,190.25,191.1999969482422,7,cafe_arabica_futuro,USD cents/lb,"Yahoo Finance (ticker KC=F, futuro ICE)"
2023-02-27,189.89999389648438,189.89999389648438,189.75,190.6999969482422,2,cafe_arabica_futuro,USD cents/lb,"Yahoo Finance (ticker KC=F, futuro ICE)"
2023-02-28,190.39999389648438,190.39999389648438,190.39999389648438,190.39999389648438,24,cafe_arabica_futuro,USD cents/lb,"Yahoo Finance (ticker KC=F, futuro ICE)"
2023-03-01,188.0,188.0,185.0,185.3000030517578,53,cafe_arabica_futuro,USD cents/lb,"Yahoo Finance (ticker KC=F, futuro ICE)"
2023-03-02,183.9499969482422,183.9499969482422,183.9499969482422,183.9499969482422,0,cafe_arabica_futuro,USD cents/lb,"Yahoo Finance (ticker KC=F, futuro ICE)"
2023-03-03,181.0,181.6999969482422,180.39999389648438,180.8000030517578,6,cafe_arabica_futuro,USD cents/lb,"Yahoo Finance (ticker KC=F, futuro ICE)"
2023-03-06,180.8000030517578,182.0,180.60000610351562,182.4499969482422,11,cafe_arabica_futuro,USD cents/lb,"Yahoo Finance (ticker KC=F, futuro ICE)"
2023-03-07,182.14999389648438,182.14999389648438,182.14999389648438,184.5500030517578,4,cafe_arabica_futuro,USD cents/lb,"Yahoo Finance (ticker KC=F, futuro ICE)"
2023-03-08,180.0,180.0,179.0,179.5500030517578,9,cafe_arabica_futuro,USD cents/lb,"Yahoo Finance (ticker KC=F, futuro ICE)"
2023-03-09,178.14999389648438,182.10000610351562,177.0,178.0,52,cafe_arabica_futuro,USD cents/lb,"Yahoo Finance (ticker KC=F, futuro ICE)"
2023-03-10,180.0500030517578,182.35000610351562,180.0500030517578,182.25,25,cafe_arabica_futuro,USD cents/lb,"Yahoo Finance (ticker KC=F, futuro ICE)"
2023-03-13,175.0,183.6999969482422,175.0,183.1999969482422,2,cafe_arabica_futuro,USD cents/lb,"Yahoo Finance (ticker KC=F, futuro ICE)"
2023-03-14,180.89999389648438,180.89999389648438,180.89999389648438,180.89999389648438,5,cafe_arabica_futuro,USD cents/lb,"Yahoo Finance (ticker KC=F, futuro ICE)"
2023-03-15,177.25,177.25,177.25,178.0500030517578,2,cafe_arabica_futuro,USD cents/lb,"Yahoo Finance (ticker KC=F, futuro ICE)"
2023-03-16,185.5,185.5,185.5,185.5,0,cafe_arabica_futuro,USD cents/lb,"Yahoo Finance (ticker KC=F, futuro ICE)"
2023-03-17,181.64999389648438,182.25,181.64999389648438,183.0,66,cafe_arabica_futuro,USD cents/lb,"Yahoo Finance (ticker KC=F, futuro ICE)"
2023-03-20,184.89999389648438,184.89999389648438,184.89999389648438,184.89999389648438,1,cafe_arabica_futuro,USD cents/lb,"Yahoo Finance (ticker KC=F, futuro ICE)"
2023-03-21,186.6999969482422,186.6999969482422,186.6999969482422,186.6999969482422,13969,cafe_arabica_futuro,USD cents/lb,"Yahoo Finance (ticker KC=F, futuro ICE)"
2023-03-22,179.5500030517578,181.10000610351562,176.6999969482422,178.0,13546,cafe_arabica_futuro,USD cents/lb,"Yahoo Finance (ticker KC=F, futuro ICE)"
2023-03-23,178.75,179.39999389648438,173.89999389648438,174.3000030517578,14587,cafe_arabica_futuro,USD cents/lb,"Yahoo Finance (ticker KC=F, futuro ICE)"
2023-03-24,174.8000030517578,179.85000610351562,172.60000610351562,179.25,18107,cafe_arabica_futuro,USD cents/lb,"Yahoo Finance (ticker KC=F, futuro ICE)"
2023-03-27,178.5,184.0,175.9499969482422,176.89999389648438,23743,cafe_arabica_futuro,USD cents/lb,"Yahoo Finance (ticker KC=F, futuro ICE)"
2023-03-28,177.5,178.6999969482422,173.5,173.75,19185,cafe_arabica_futuro,USD cents/lb,"Yahoo Finance (ticker KC=F, futuro ICE)"
2023-03-29,174.6999969482422,175.25,168.60000610351562,169.6999969482422,25133,cafe_arabica_futuro,USD cents/lb,"Yahoo Finance (ticker KC=F, futuro ICE)"
2023-03-30,171.0,172.5,168.14999389648438,169.8000030517578,27283,cafe_arabica_futuro,USD cents/lb,"Yahoo Finance (ticker KC=F, futuro ICE)"
2023-03-31,170.0,171.6999969482422,166.14999389648438,170.5,32077,cafe_arabica_futuro,USD cents/lb,"Yahoo Finance (ticker KC=F, futuro ICE)"
2023-04-03,171.3000030517578,178.35000610351562,171.25,176.25,25785,cafe_arabica_futuro,USD cents/lb,"Yahoo Finance (ticker KC=F, futuro ICE)"
2023-04-04,176.10000610351562,177.4499969482422,173.10000610351562,174.85000610351562,17847,cafe_arabica_futuro,USD cents/lb,"Yahoo Finance (ticker KC=F, futuro ICE)"
2023-04-05,175.1999969482422,181.5,175.1999969482422,180.14999389648438,23598,cafe_arabica_futuro,USD cents/lb,"Yahoo Finance (ticker KC=F, futuro ICE)"
2023-04-06,179.5500030517578,184.5500030517578,177.9499969482422,183.60000610351562,0,cafe_arabica_futuro,USD cents/lb,"Yahoo Finance (ticker KC=F, futuro ICE)"
2023-04-10,183.60000610351562,186.8000030517578,181.60000610351562,182.60000610351562,22686,cafe_arabica_futuro,USD cents/lb,"Yahoo Finance (ticker KC=F, futuro ICE)"
2023-04-11,183.4499969482422,191.1999969482422,183.0,190.5,33560,cafe_arabica_futuro,USD cents/lb,"Yahoo Finance (ticker KC=F, futuro ICE)"
2023-04-12,188.89999389648438,191.35000610351562,187.60000610351562,190.25,27163,cafe_arabica_futuro,USD cents/lb,"Yahoo Finance (ticker KC=F, futuro ICE)"
2023-04-13,190.0,199.6999969482422,189.35000610351562,196.10000610351562,35204,cafe_arabica_futuro,USD cents/lb,"Yahoo Finance (ticker KC=F, futuro ICE)"
2023-04-14,195.64999389648438,199.64999389648438,192.85000610351562,193.39999389648438,11459,cafe_arabica_futuro,USD cents/lb,"Yahoo Finance (ticker KC=F, futuro ICE)"
2023-04-17,194.0,201.5,193.5,201.0,9534,cafe_arabica_futuro,USD cents/lb,"Yahoo Finance (ticker KC=F, futuro ICE)"
2023-04-18,201.0,206.9499969482422,198.35000610351562,205.25,9424,cafe_arabica_futuro,USD cents/lb,"Yahoo Finance (ticker KC=F, futuro ICE)"
2023-04-19,203.5,207.4499969482422,199.75,202.5500030517578,6866,cafe_arabica_futuro,USD cents/lb,"Yahoo Finance (ticker KC=F, futuro ICE)"
2023-04-20,199.1999969482422,199.64999389648438,194.75,195.89999389648438,230,cafe_arabica_futuro,USD cents/lb,"Yahoo Finance (ticker KC=F, futuro ICE)"
2023-04-21,197.14999389648438,197.14999389648438,193.5,194.1999969482422,81,cafe_arabica_futuro,USD cents/lb,"Yahoo Finance (ticker KC=F, futuro ICE)"
2023-04-24,196.35000610351562,196.85000610351562,195.0,196.75,10,cafe_arabica_futuro,USD cents/lb,"Yahoo Finance (ticker KC=F, futuro ICE)"
2023-04-25,191.0,192.25,191.0,192.4499969482422,13,cafe_arabica_futuro,USD cents/lb,"Yahoo Finance (ticker KC=F, futuro ICE)"
2023-04-26,194.14999389648438,195.85000610351562,194.14999389648438,195.85000610351562,12,cafe_arabica_futuro,USD cents/lb,"Yahoo Finance (ticker KC=F, futuro ICE)"
2023-04-27,192.8000030517578,192.8000030517578,192.10000610351562,192.10000610351562,16,cafe_arabica_futuro,USD cents/lb,"Yahoo Finance (ticker KC=F, futuro ICE)"
2023-04-28,189.5,190.35000610351562,189.10000610351562,189.85000610351562,40,cafe_arabica_futuro,USD cents/lb,"Yahoo Finance (ticker KC=F, futuro ICE)"
2023-05-01,188.25,188.25,187.10000610351562,189.25,13,cafe_arabica_futuro,USD cents/lb,"Yahoo Finance (ticker KC=F, futuro ICE)"
2023-05-02,188.10000610351562,188.75,187.89999389648438,190.64999389648438,22,cafe_arabica_futuro,USD cents/lb,"Yahoo Finance (ticker KC=F, futuro ICE)"
2023-05-03,188.10000610351562,188.10000610351562,185.85000610351562,189.1999969482422,138,cafe_arabica_futuro,USD cents/lb,"Yahoo Finance (ticker KC=F, futuro ICE)"
2023-05-04,188.0,188.0,184.5,186.39999389648438,137,cafe_arabica_futuro,USD cents/lb,"Yahoo Finance (ticker KC=F, futuro ICE)"
2023-05-05,191.0,191.0,191.0,191.0,1,cafe_arabica_futuro,USD cents/lb,"Yahoo Finance (ticker KC=F, futuro ICE)"
2023-05-08,186.89999389648438,186.89999389648438,186.89999389648438,186.89999389648438,1,cafe_arabica_futuro,USD cents/lb,"Yahoo Finance (ticker KC=F, futuro ICE)"
2023-05-09,187.6999969482422,189.3000030517578,184.5500030517578,188.0,17,cafe_arabica_futuro,USD cents/lb,"Yahoo Finance (ticker KC=F, futuro ICE)"
2023-05-10,189.3000030517578,189.3000030517578,189.3000030517578,187.4499969482422,1,cafe_arabica_futuro,USD cents/lb,"Yahoo Finance (ticker KC=F, futuro ICE)"
2023-05-11,186.0,186.10000610351562,185.5,185.8000030517578,10,cafe_arabica_futuro,USD cents/lb,"Yahoo Finance (ticker KC=F, futuro ICE)"
2023-05-12,185.0,186.75,185.0,186.0,34,cafe_arabica_futuro,USD cents/lb,"Yahoo Finance (ticker KC=F, futuro ICE)"
2023-05-15,192.4499969482422,192.4499969482422,192.4499969482422,193.0500030517578,7,cafe_arabica_futuro,USD cents/lb,"Yahoo Finance (ticker KC=F, futuro ICE)"
2023-05-16,196.0,196.5500030517578,196.0,190.35000610351562,5,cafe_arabica_futuro,USD cents/lb,"Yahoo Finance (ticker KC=F, futuro ICE)"
2023-05-17,189.5,189.5,189.5,189.85000610351562,3,cafe_arabica_futuro,USD cents/lb,"Yahoo Finance (ticker KC=F, futuro ICE)"
2023-05-18,190.4499969482422,190.4499969482422,190.4499969482422,190.4499969482422,12733,cafe_arabica_futuro,USD cents/lb,"Yahoo Finance (ticker KC=F, futuro ICE)"
2023-05-19,186.1999969482422,194.39999389648438,186.1999969482422,192.0,23734,cafe_arabica_futuro,USD cents/lb,"Yahoo Finance (ticker KC=F, futuro ICE)"
2023-05-22,191.0,193.75,186.5500030517578,189.1999969482422,22894,cafe_arabica_futuro,USD cents/lb,"Yahoo Finance (ticker KC=F, futuro ICE)"
2023-05-23,189.25,190.3000030517578,185.6999969482422,187.4499969482422,16809,cafe_arabica_futuro,USD cents/lb,"Yahoo Finance (ticker KC=F, futuro ICE)"
2023-05-24,188.0500030517578,189.39999389648438,186.60000610351562,188.0,13608,cafe_arabica_futuro,USD cents/lb,"Yahoo Finance (ticker KC=F, futuro ICE)"
2023-05-25,188.1999969482422,188.39999389648438,181.64999389648438,182.6999969482422,24475,cafe_arabica_futuro,USD cents/lb,"Yahoo Finance (ticker KC=F, futuro ICE)"
2023-05-26,182.8000030517578,184.8000030517578,180.3000030517578,181.60000610351562,20079,cafe_arabica_futuro,USD cents/lb,"Yahoo Finance (ticker KC=F, futuro ICE)"
2023-05-30,180.0500030517578,181.75,175.89999389648438,177.10000610351562,27463,cafe_arabica_futuro,USD cents/lb,"Yahoo Finance (ticker KC=F, futuro ICE)"
2023-05-31,177.14999389648438,179.8000030517578,175.5500030517578,178.64999389648438,24936,cafe_arabica_futuro,USD cents/lb,"Yahoo Finance (ticker KC=F, futuro ICE)"
2023-06-01,179.64999389648438,184.6999969482422,179.5,183.0500030517578,22533,cafe_arabica_futuro,USD cents/lb,"Yahoo Finance (ticker KC=F, futuro ICE)"
2023-06-02,183.3000030517578,187.8000030517578,179.0500030517578,180.3000030517578,27027,cafe_arabica_futuro,USD cents/lb,"Yahoo Finance (ticker KC=F, futuro ICE)"
2023-06-05,179.9499969482422,183.6999969482422,179.35000610351562,183.10000610351562,18231,cafe_arabica_futuro,USD cents/lb,"Yahoo Finance (ticker KC=F, futuro ICE)"
2023-06-06,183.10000610351562,184.89999389648438,181.5500030517578,182.60000610351562,19024,cafe_arabica_futuro,USD cents/lb,"Yahoo Finance (ticker KC=F, futuro ICE)"
2023-06-07,183.60000610351562,186.60000610351562,182.64999389648438,185.39999389648438,28687,cafe_arabica_futuro,USD cents/lb,"Yahoo Finance (ticker KC=F, futuro ICE)"
2023-06-08,186.1999969482422,196.14999389648438,184.60000610351562,194.85000610351562,34152,cafe_arabica_futuro,USD cents/lb,"Yahoo Finance (ticker KC=F, futuro ICE)"
2023-06-09,196.60000610351562,196.60000610351562,188.8000030517578,190.64999389648438,38480,cafe_arabica_futuro,USD cents/lb,"Yahoo Finance (ticker KC=F, futuro ICE)"
2023-06-12,190.25,192.39999389648438,185.0500030517578,185.5500030517578,18584,cafe_arabica_futuro,USD cents/lb,"Yahoo Finance (ticker KC=F, futuro ICE)"
2023-06-13,185.6999969482422,186.75,181.89999389648438,182.75,12746,cafe_arabica_futuro,USD cents/lb,"Yahoo Finance (ticker KC=F, futuro ICE)"
2023-06-14,182.5500030517578,184.75,181.25,184.39999389648438,7870,cafe_arabica_futuro,USD cents/lb,"Yahoo Finance (ticker KC=F, futuro ICE)"
2023-06-15,184.75,188.0500030517578,184.6999969482422,187.0,9257,cafe_arabica_futuro,USD cents/lb,"Yahoo Finance (ticker KC=F, futuro ICE)"
2023-06-16,187.6999969482422,188.3000030517578,184.3000030517578,184.89999389648438,8150,cafe_arabica_futuro,USD cents/lb,"Yahoo Finance (ticker KC=F, futuro ICE)"
2023-06-20,185.10000610351562,185.75,176.39999389648438,177.4499969482422,11003,cafe_arabica_futuro,USD cents/lb,"Yahoo Finance (ticker KC=F, futuro ICE)"
2023-06-21,178.89999389648438,178.9499969482422,168.9499969482422,172.0,2928,cafe_arabica_futuro,USD cents/lb,"Yahoo Finance (ticker KC=F, futuro ICE)"
2023-06-22,173.6999969482422,173.9499969482422,169.60000610351562,171.6999969482422,66,cafe_arabica_futuro,USD cents/lb,"Yahoo Finance (ticker KC=F, futuro ICE)"
2023-06-23,167.89999389648438,168.89999389648438,166.5,168.0500030517578,112,cafe_arabica_futuro,USD cents/lb,"Yahoo Finance (ticker KC=F, futuro ICE)"
2023-06-26,168.0,169.14999389648438,166.5,167.9499969482422,16,cafe_arabica_futuro,USD cents/lb,"Yahoo Finance (ticker KC=F, futuro ICE)"
2023-06-27,168.35000610351562,169.35000610351562,165.5500030517578,169.4499969482422,16,cafe_arabica_futuro,USD cents/lb,"Yahoo Finance (ticker KC=F, futuro ICE)"
2023-06-28,170.4499969482422,170.8000030517578,165.0,165.64999389648438,45,cafe_arabica_futuro,USD cents/lb,"Yahoo Finance (ticker KC=F, futuro ICE)"
2023-06-29,165.0,165.5500030517578,162.10000610351562,163.60000610351562,10,cafe_arabica_futuro,USD cents/lb,"Yahoo Finance (ticker KC=F, futuro ICE)"
2023-06-30,165.89999389648438,165.89999389648438,165.75,161.0,4,cafe_arabica_futuro,USD cents/lb,"Yahoo Finance (ticker KC=F, futuro ICE)"
2023-07-03,165.1999969482422,165.1999969482422,165.1999969482422,162.5,1,cafe_arabica_futuro,USD cents/lb,"Yahoo Finance (ticker KC=F, futuro ICE)"
2023-07-05,162.25,162.25,162.25,161.0500030517578,10,cafe_arabica_futuro,USD cents/lb,"Yahoo Finance (ticker KC=F, futuro ICE)"
2023-07-06,159.9499969482422,165.3000030517578,159.25,162.35000610351562,49,cafe_arabica_futuro,USD cents/lb,"Yahoo Finance (ticker KC=F, futuro ICE)"
2023-07-07,165.0,165.0,165.0,162.8000030517578,1,cafe_arabica_futuro,USD cents/lb,"Yahoo Finance (ticker KC=F, futuro ICE)"
2023-07-10,163.5500030517578,163.64999389648438,163.5500030517578,161.75,2,cafe_arabica_futuro,USD cents/lb,"Yahoo Finance (ticker KC=F, futuro ICE)"
2023-07-11,159.14999389648438,159.5,158.0,159.3000030517578,49,cafe_arabica_futuro,USD cents/lb,"Yahoo Finance (ticker KC=F, futuro ICE)"
2023-07-12,158.75,158.75,158.75,158.75,0,cafe_arabica_futuro,USD cents/lb,"Yahoo Finance (ticker KC=F, futuro ICE)"
2023-07-13,160.6999969482422,160.6999969482422,160.6999969482422,159.35000610351562,1,cafe_arabica_futuro,USD cents/lb,"Yahoo Finance (ticker KC=F, futuro ICE)"
2023-07-14,162.4499969482422,162.4499969482422,161.75,161.9499969482422,82,cafe_arabica_futuro,USD cents/lb,"Yahoo Finance (ticker KC=F, futuro ICE)"
2023-07-17,158.0500030517578,158.0500030517578,155.5,154.75,2,cafe_arabica_futuro,USD cents/lb,"Yahoo Finance (ticker KC=F, futuro ICE)"
2023-07-18,155.25,155.25,155.25,155.25,0,cafe_arabica_futuro,USD cents/lb,"Yahoo Finance (ticker KC=F, futuro ICE)"
2023-07-19,152.35000610351562,152.39999389648438,152.3000030517578,152.4499969482422,16087,cafe_arabica_futuro,USD cents/lb,"Yahoo Finance (ticker KC=F, futuro ICE)"
2023-07-20,155.5,160.0,155.25,158.0500030517578,19005,cafe_arabica_futuro,USD cents/lb,"Yahoo Finance (ticker KC=F, futuro ICE)"
2023-07-21,158.5500030517578,162.10000610351562,156.5,161.85000610351562,18695,cafe_arabica_futuro,USD cents/lb,"Yahoo Finance (ticker KC=F, futuro ICE)"
2023-07-24,161.14999389648438,165.4499969482422,161.0500030517578,163.0,20332,cafe_arabica_futuro,USD cents/lb,"Yahoo Finance (ticker KC=F, futuro ICE)"
2023-07-25,162.39999389648438,163.85000610351562,161.3000030517578,161.85000610351562,15908,cafe_arabica_futuro,USD cents/lb,"Yahoo Finance (ticker KC=F, futuro ICE)"
2023-07-26,161.3000030517578,163.85000610351562,159.25,163.14999389648438,15696,cafe_arabica_futuro,USD cents/lb,"Yahoo Finance (ticker KC=F, futuro ICE)"
2023-07-27,164.39999389648438,164.89999389648438,160.0500030517578,161.4499969482422,16873,cafe_arabica_futuro,USD cents/lb,"Yahoo Finance (ticker KC=F, futuro ICE)"
2023-07-28,161.3000030517578,161.89999389648438,157.35000610351562,157.89999389648438,14783,cafe_arabica_futuro,USD cents/lb,"Yahoo Finance (ticker KC=F, futuro ICE)"
2023-07-31,157.89999389648438,166.0,157.89999389648438,164.64999389648438,23117,cafe_arabica_futuro,USD cents/lb,"Yahoo Finance (ticker KC=F, futuro ICE)"
2023-08-01,165.10000610351562,167.39999389648438,162.0500030517578,164.5500030517578,20153,cafe_arabica_futuro,USD cents/lb,"Yahoo Finance (ticker KC=F, futuro ICE)"
2023-08-02,164.5500030517578,167.9499969482422,162.75,166.9499969482422,22311,cafe_arabica_futuro,USD cents/lb,"Yahoo Finance (ticker KC=F, futuro ICE)"
2023-08-03,166.35000610351562,168.3000030517578,164.0,164.75,17790,cafe_arabica_futuro,USD cents/lb,"Yahoo Finance (ticker KC=F, futuro ICE)"
2023-08-04,164.0,165.0,161.0,161.35000610351562,20244,cafe_arabica_futuro,USD cents/lb,"Yahoo Finance (ticker KC=F, futuro ICE)"
2023-08-07,161.14999389648438,164.89999389648438,160.0500030517578,163.9499969482422,27408,cafe_arabica_futuro,USD cents/lb,"Yahoo Finance (ticker KC=F, futuro ICE)"
2023-08-08,162.14999389648438,162.89999389648438,159.5500030517578,161.35000610351562,25992,cafe_arabica_futuro,USD cents/lb,"Yahoo Finance (ticker KC=F, futuro ICE)"
2023-08-09,161.85000610351562,162.39999389648438,160.0,160.75,26488,cafe_arabica_futuro,USD cents/lb,"Yahoo Finance (ticker KC=F, futuro ICE)"
2023-08-10,160.5500030517578,163.60000610351562,159.1999969482422,159.89999389648438,28310,cafe_arabica_futuro,USD cents/lb,"Yahoo Finance (ticker KC=F, futuro ICE)"
2023-08-11,159.0500030517578,159.4499969482422,156.0,157.8000030517578,27615,cafe_arabica_futuro,USD cents/lb,"Yahoo Finance (ticker KC=F, futuro ICE)"
2023-08-14,157.5,158.3000030517578,150.6999969482422,151.10000610351562,21142,cafe_arabica_futuro,USD cents/lb,"Yahoo Finance (ticker KC=F, futuro ICE)"
2023-08-15,150.85000610351562,151.3000030517578,148.0,149.25,11857,cafe_arabica_futuro,USD cents/lb,"Yahoo Finance (ticker KC=F, futuro ICE)"
2023-08-16,149.75,150.75,147.75,148.89999389648438,8371,cafe_arabica_futuro,USD cents/lb,"Yahoo Finance (ticker KC=F, futuro ICE)"
2023-08-17,148.9499969482422,150.0500030517578,145.8000030517578,147.0,4999,cafe_arabica_futuro,USD cents/lb,"Yahoo Finance (ticker KC=F, futuro ICE)"
2023-08-18,146.9499969482422,149.39999389648438,145.0500030517578,147.4499969482422,4867,cafe_arabica_futuro,USD cents/lb,"Yahoo Finance (ticker KC=F, futuro ICE)"
2023-08-21,147.60000610351562,151.8000030517578,147.14999389648438,147.5500030517578,6154,cafe_arabica_futuro,USD cents/lb,"Yahoo Finance (ticker KC=F, futuro ICE)"
2023-08-22,147.89999389648438,150.39999389648438,146.10000610351562,146.60000610351562,4495,cafe_arabica_futuro,USD cents/lb,"Yahoo Finance (ticker KC=F, futuro ICE)"
2023-08-23,148.64999389648438,152.85000610351562,148.10000610351562,152.9499969482422,1085,cafe_arabica_futuro,USD cents/lb,"Yahoo Finance (ticker KC=F, futuro ICE)"
2023-08-24,153.8000030517578,154.25,151.39999389648438,153.0,52,cafe_arabica_futuro,USD cents/lb,"Yahoo Finance (ticker KC=F, futuro ICE)"
2023-08-25,154.0,154.0,154.0,151.75,3,cafe_arabica_futuro,USD cents/lb,"Yahoo Finance (ticker KC=F, futuro ICE)"
2023-08-28,152.9499969482422,153.25,152.5,151.8000030517578,8,cafe_arabica_futuro,USD cents/lb,"Yahoo Finance (ticker KC=F, futuro ICE)"
2023-08-29,152.35000610351562,153.0500030517578,149.85000610351562,151.35000610351562,41,cafe_arabica_futuro,USD cents/lb,"Yahoo Finance (ticker KC=F, futuro ICE)"
2023-08-30,150.0,153.6999969482422,150.0,153.35000610351562,21,cafe_arabica_futuro,USD cents/lb,"Yahoo Finance (ticker KC=F, futuro ICE)"
2023-08-31,153.64999389648438,153.64999389648438,153.0,152.6999969482422,57,cafe_arabica_futuro,USD cents/lb,"Yahoo Finance (ticker KC=F, futuro ICE)"
2023-09-01,151.5,151.5,151.10000610351562,150.9499969482422,10,cafe_arabica_futuro,USD cents/lb,"Yahoo Finance (ticker KC=F, futuro ICE)"
2023-09-05,147.9499969482422,152.5,147.9499969482422,151.39999389648438,28,cafe_arabica_futuro,USD cents/lb,"Yahoo Finance (ticker KC=F, futuro ICE)"
2023-09-06,151.75,151.75,151.75,151.75,0,cafe_arabica_futuro,USD cents/lb,"Yahoo Finance (ticker KC=F, futuro ICE)"
2023-09-07,147.39999389648438,147.39999389648438,147.39999389648438,147.39999389648438,20,cafe_arabica_futuro,USD cents/lb,"Yahoo Finance (ticker KC=F, futuro ICE)"
2023-09-08,146.25,146.25,146.25,146.25,0,cafe_arabica_futuro,USD cents/lb,"Yahoo Finance (ticker KC=F, futuro ICE)"
2023-09-11,151.5500030517578,151.5500030517578,151.5500030517578,151.5500030517578,20,cafe_arabica_futuro,USD cents/lb,"Yahoo Finance (ticker KC=F, futuro ICE)"
2023-09-12,151.5500030517578,151.5500030517578,148.35000610351562,150.6999969482422,6,cafe_arabica_futuro,USD cents/lb,"Yahoo Finance (ticker KC=F, futuro ICE)"
2023-09-13,151.5500030517578,151.5500030517578,151.5500030517578,151.0500030517578,60,cafe_arabica_futuro,USD cents/lb,"Yahoo Finance (ticker KC=F, futuro ICE)"
2023-09-14,153.10000610351562,153.10000610351562,153.10000610351562,153.10000610351562,23,cafe_arabica_futuro,USD cents/lb,"Yahoo Finance (ticker KC=F, futuro ICE)"
2023-09-15,158.25,158.25,158.25,158.25,0,cafe_arabica_futuro,USD cents/lb,"Yahoo Finance (ticker KC=F, futuro ICE)"
2023-09-18,158.6999969482422,158.6999969482422,158.6999969482422,158.6999969482422,0,cafe_arabica_futuro,USD cents/lb,"Yahoo Finance (ticker KC=F, futuro ICE)"
2023-09-19,162.5,173.5,162.5,167.5,28898,cafe_arabica_futuro,USD cents/lb,"Yahoo Finance (ticker KC=F, futuro ICE)"
2023-09-20,160.39999389648438,161.64999389648438,157.64999389648438,158.1999969482422,17552,cafe_arabica_futuro,USD cents/lb,"Yahoo Finance (ticker KC=F, futuro ICE)"
2023-09-21,158.0,158.75,154.5,154.85000610351562,17108,cafe_arabica_futuro,USD cents/lb,"Yahoo Finance (ticker KC=F, futuro ICE)"
2023-09-22,154.75,155.6999969482422,150.0500030517578,151.14999389648438,19795,cafe_arabica_futuro,USD cents/lb,"Yahoo Finance (ticker KC=F, futuro ICE)"
2023-09-25,150.3000030517578,152.10000610351562,148.14999389648438,148.8000030517578,20313,cafe_arabica_futuro,USD cents/lb,"Yahoo Finance (ticker KC=F, futuro ICE)"
2023-09-26,148.8000030517578,152.14999389648438,148.4499969482422,150.85000610351562,19691,cafe_arabica_futuro,USD cents/lb,"Yahoo Finance (ticker KC=F, futuro ICE)"
2023-09-27,150.4499969482422,150.5,147.5500030517578,149.25,20447,cafe_arabica_futuro,USD cents/lb,"Yahoo Finance (ticker KC=F, futuro ICE)"
2023-09-28,148.9499969482422,150.25,146.4499969482422,147.1999969482422,20343,cafe_arabica_futuro,USD cents/lb,"Yahoo Finance (ticker KC=F, futuro ICE)"
2023-09-29,147.0,147.5,144.9499969482422,146.14999389648438,21782,cafe_arabica_futuro,USD cents/lb,"Yahoo Finance (ticker KC=F, futuro ICE)"
2023-10-02,146.0,151.39999389648438,145.8000030517578,149.10000610351562,23829,cafe_arabica_futuro,USD cents/lb,"Yahoo Finance (ticker KC=F, futuro ICE)"
2023-10-03,149.14999389648438,149.89999389648438,147.25,148.75,13623,cafe_arabica_futuro,USD cents/lb,"Yahoo Finance (ticker KC=F, futuro ICE)"
2023-10-04,147.89999389648438,148.9499969482422,145.89999389648438,146.35000610351562,15834,cafe_arabica_futuro,USD cents/lb,"Yahoo Finance (ticker KC=F, futuro ICE)"
2023-10-05,146.0500030517578,147.5,145.0,145.39999389648438,13753,cafe_arabica_futuro,USD cents/lb,"Yahoo Finance (ticker KC=F, futuro ICE)"
2023-10-06,145.39999389648438,146.8000030517578,144.4499969482422,146.0500030517578,16599,cafe_arabica_futuro,USD cents/lb,"Yahoo Finance (ticker KC=F, futuro ICE)"
2023-10-09,146.0500030517578,147.89999389648438,144.8000030517578,146.0500030517578,15684,cafe_arabica_futuro,USD cents/lb,"Yahoo Finance (ticker KC=F, futuro ICE)"
2023-10-10,145.6999969482422,148.39999389648438,143.6999969482422,147.5,26185,cafe_arabica_futuro,USD cents/lb,"Yahoo Finance (ticker KC=F, futuro ICE)"
2023-10-11,147.64999389648438,149.39999389648438,146.10000610351562,147.6999969482422,16438,cafe_arabica_futuro,USD cents/lb,"Yahoo Finance (ticker KC=F, futuro ICE)"
2023-10-12,147.85000610351562,149.89999389648438,147.0500030517578,149.3000030517578,19475,cafe_arabica_futuro,USD cents/lb,"Yahoo Finance (ticker KC=F, futuro ICE)"
2023-10-13,149.3000030517578,155.64999389648438,149.1999969482422,154.89999389648438,35239,cafe_arabica_futuro,USD cents/lb,"Yahoo Finance (ticker KC=F, futuro ICE)"
2023-10-16,154.89999389648438,156.14999389648438,152.10000610351562,154.14999389648438,24903,cafe_arabica_futuro,USD cents/lb,"Yahoo Finance (ticker KC=F, futuro ICE)"
2023-10-17,154.0,157.9499969482422,152.4499969482422,157.0500030517578,26996,cafe_arabica_futuro,USD cents/lb,"Yahoo Finance (ticker KC=F, futuro ICE)"
2023-10-18,157.14999389648438,159.5,156.64999389648438,158.0500030517578,25576,cafe_arabica_futuro,USD cents/lb,"Yahoo Finance (ticker KC=F, futuro ICE)"
2023-10-19,158.14999389648438,164.39999389648438,158.14999389648438,163.9499969482422,36623,cafe_arabica_futuro,USD cents/lb,"Yahoo Finance (ticker KC=F, futuro ICE)"
2023-10-20,163.39999389648438,166.8000030517578,162.25,165.25,37014,cafe_arabica_futuro,USD cents/lb,"Yahoo Finance (ticker KC=F, futuro ICE)"
2023-10-23,163.25,167.0,163.25,165.85000610351562,24142,cafe_arabica_futuro,USD cents/lb,"Yahoo Finance (ticker KC=F, futuro ICE)"
2023-10-24,165.60000610351562,168.85000610351562,165.0500030517578,168.14999389648438,21855,cafe_arabica_futuro,USD cents/lb,"Yahoo Finance (ticker KC=F, futuro ICE)"
2023-10-25,167.75,169.0500030517578,160.9499969482422,162.3000030517578,30189,cafe_arabica_futuro,USD cents/lb,"Yahoo Finance (ticker KC=F, futuro ICE)"
2023-10-26,161.5500030517578,163.60000610351562,160.3000030517578,161.1999969482422,17692,cafe_arabica_futuro,USD cents/lb,"Yahoo Finance (ticker KC=F, futuro ICE)"
2023-10-27,161.1999969482422,163.25,160.1999969482422,160.9499969482422,13025,cafe_arabica_futuro,USD cents/lb,"Yahoo Finance (ticker KC=F, futuro ICE)"
2023-10-30,160.0500030517578,161.14999389648438,158.60000610351562,159.10000610351562,19461,cafe_arabica_futuro,USD cents/lb,"Yahoo Finance (ticker KC=F, futuro ICE)"
2023-10-31,159.0500030517578,167.5500030517578,158.8000030517578,167.3000030517578,29746,cafe_arabica_futuro,USD cents/lb,"Yahoo Finance (ticker KC=F, futuro ICE)"
2023-11-01,166.0,167.14999389648438,158.75,159.8000030517578,29115,cafe_arabica_futuro,USD cents/lb,"Yahoo Finance (ticker KC=F, futuro ICE)"
2023-11-02,160.6999969482422,166.8000030517578,160.0,165.35000610351562,24719,cafe_arabica_futuro,USD cents/lb,"Yahoo Finance (ticker KC=F, futuro ICE)"
2023-11-03,166.5,171.35000610351562,166.10000610351562,170.89999389648438,22293,cafe_arabica_futuro,USD cents/lb,"Yahoo Finance (ticker KC=F, futuro ICE)"
2023-11-06,170.25,174.10000610351562,168.4499969482422,173.6999969482422,23506,cafe_arabica_futuro,USD cents/lb,"Yahoo Finance (ticker KC=F, futuro ICE)"
2023-11-07,173.39999389648438,173.64999389648438,169.14999389648438,170.75,28863,cafe_arabica_futuro,USD cents/lb,"Yahoo Finance (ticker KC=F, futuro ICE)"
2023-11-08,170.85000610351562,176.0,170.85000610351562,174.35000610351562,32140,cafe_arabica_futuro,USD cents/lb,"Yahoo Finance (ticker KC=F, futuro ICE)"
2023-11-09,176.10000610351562,179.0,175.5,178.8000030517578,26464,cafe_arabica_futuro,USD cents/lb,"Yahoo Finance (ticker KC=F, futuro ICE)"
2023-11-10,178.0,178.75,172.9499969482422,174.5,24194,cafe_arabica_futuro,USD cents/lb,"Yahoo Finance (ticker KC=F, futuro ICE)"
2023-11-13,172.60000610351562,179.4499969482422,171.3000030517578,178.64999389648438,12842,cafe_arabica_futuro,USD cents/lb,"Yahoo Finance (ticker KC=F, futuro ICE)"
2023-11-14,178.85000610351562,179.14999389648438,175.85000610351562,176.4499969482422,9700,cafe_arabica_futuro,USD cents/lb,"Yahoo Finance (ticker KC=F, futuro ICE)"
2023-11-15,177.0,181.89999389648438,175.0,180.8000030517578,8510,cafe_arabica_futuro,USD cents/lb,"Yahoo Finance (ticker KC=F, futuro ICE)"
2023-11-16,181.5,182.1999969482422,175.6999969482422,176.10000610351562,7171,cafe_arabica_futuro,USD cents/lb,"Yahoo Finance (ticker KC=F, futuro ICE)"
2023-11-17,175.85000610351562,176.85000610351562,170.4499969482422,170.9499969482422,4411,cafe_arabica_futuro,USD cents/lb,"Yahoo Finance (ticker KC=F, futuro ICE)"
2023-11-20,171.64999389648438,179.60000610351562,170.0,177.89999389648438,5213,cafe_arabica_futuro,USD cents/lb,"Yahoo Finance (ticker KC=F, futuro ICE)"
2023-11-21,176.64999389648438,177.89999389648438,175.0500030517578,176.5500030517578,344,cafe_arabica_futuro,USD cents/lb,"Yahoo Finance (ticker KC=F, futuro ICE)"
2023-11-22,176.4499969482422,179.1999969482422,174.5,178.64999389648438,289,cafe_arabica_futuro,USD cents/lb,"Yahoo Finance (ticker KC=F, futuro ICE)"
2023-11-23,176.4499969482422,179.1999969482422,174.5,178.64999389648438,289,cafe_arabica_futuro,USD cents/lb,"Yahoo Finance (ticker KC=F, futuro ICE)"
2023-11-24,177.35000610351562,181.0,177.35000610351562,178.64999389648438,137,cafe_arabica_futuro,USD cents/lb,"Yahoo Finance (ticker KC=F, futuro ICE)"
2023-11-27,176.8000030517578,182.89999389648438,176.8000030517578,179.6999969482422,45,cafe_arabica_futuro,USD cents/lb,"Yahoo Finance (ticker KC=F, futuro ICE)"
2023-11-28,183.35000610351562,183.35000610351562,183.3000030517578,183.64999389648438,10,cafe_arabica_futuro,USD cents/lb,"Yahoo Finance (ticker KC=F, futuro ICE)"
2023-11-29,184.0,184.0,180.5500030517578,182.10000610351562,28,cafe_arabica_futuro,USD cents/lb,"Yahoo Finance (ticker KC=F, futuro ICE)"
2023-11-30,182.35000610351562,195.6999969482422,182.35000610351562,195.0,16,cafe_arabica_futuro,USD cents/lb,"Yahoo Finance (ticker KC=F, futuro ICE)"
2023-12-01,193.89999389648438,193.89999389648438,193.89999389648438,193.89999389648438,44,cafe_arabica_futuro,USD cents/lb,"Yahoo Finance (ticker KC=F, futuro ICE)"
2023-12-04,189.5500030517578,189.5500030517578,186.85000610351562,188.89999389648438,24,cafe_arabica_futuro,USD cents/lb,"Yahoo Finance (ticker KC=F, futuro ICE)"
2023-12-05,188.5,190.3000030517578,188.5,193.85000610351562,41,cafe_arabica_futuro,USD cents/lb,"Yahoo Finance (ticker KC=F, futuro ICE)"
2023-12-06,192.4499969482422,192.4499969482422,185.85000610351562,185.25,10,cafe_arabica_futuro,USD cents/lb,"Yahoo Finance (ticker KC=F, futuro ICE)"
2023-12-07,189.1999969482422,190.60000610351562,187.35000610351562,185.5,5,cafe_arabica_futuro,USD cents/lb,"Yahoo Finance (ticker KC=F, futuro ICE)"
2023-12-08,187.25,187.25,187.25,185.14999389648438,2,cafe_arabica_futuro,USD cents/lb,"Yahoo Finance (ticker KC=F, futuro ICE)"
2023-12-11,193.75,193.75,193.75,194.0,2,cafe_arabica_futuro,USD cents/lb,"Yahoo Finance (ticker KC=F, futuro ICE)"
2023-12-12,188.1999969482422,191.3000030517578,188.1999969482422,191.14999389648438,32,cafe_arabica_futuro,USD cents/lb,"Yahoo Finance (ticker KC=F, futuro ICE)"
2023-12-13,197.25,197.4499969482422,197.25,194.64999389648438,5,cafe_arabica_futuro,USD cents/lb,"Yahoo Finance (ticker KC=F, futuro ICE)"
2023-12-14,197.39999389648438,202.75,197.39999389648438,200.10000610351562,3,cafe_arabica_futuro,USD cents/lb,"Yahoo Finance (ticker KC=F, futuro ICE)"
2023-12-15,202.25,202.85000610351562,201.3000030517578,201.8000030517578,47,cafe_arabica_futuro,USD cents/lb,"Yahoo Finance (ticker KC=F, futuro ICE)"
2023-12-18,209.5500030517578,209.5500030517578,209.5500030517578,209.5500030517578,14936,cafe_arabica_futuro,USD cents/lb,"Yahoo Finance (ticker KC=F, futuro ICE)"
2023-12-19,193.1999969482422,203.89999389648438,191.3000030517578,202.39999389648438,24391,cafe_arabica_futuro,USD cents/lb,"Yahoo Finance (ticker KC=F, futuro ICE)"
2023-12-20,200.85000610351562,202.3000030517578,189.60000610351562,190.60000610351562,26871,cafe_arabica_futuro,USD cents/lb,"Yahoo Finance (ticker KC=F, futuro ICE)"
2023-12-21,190.0,197.39999389648438,188.5500030517578,193.60000610351562,22625,cafe_arabica_futuro,USD cents/lb,"Yahoo Finance (ticker KC=F, futuro ICE)"
2023-12-22,192.1999969482422,194.25,189.1999969482422,192.8000030517578,12282,cafe_arabica_futuro,USD cents/lb,"Yahoo Finance (ticker KC=F, futuro ICE)"
2023-12-26,192.8000030517578,195.39999389648438,191.9499969482422,194.35000610351562,6725,cafe_arabica_futuro,USD cents/lb,"Yahoo Finance (ticker KC=F, futuro ICE)"
2023-12-27,194.89999389648438,199.9499969482422,194.0500030517578,197.75,16051,cafe_arabica_futuro,USD cents/lb,"Yahoo Finance (ticker KC=F, futuro ICE)"
2023-12-28,196.75,201.35000610351562,195.14999389648438,198.0,12012,cafe_arabica_futuro,USD cents/lb,"Yahoo Finance (ticker KC=F, futuro ICE)"
2023-12-29,197.1999969482422,198.14999389648438,185.64999389648438,188.3000030517578,18775,cafe_arabica_futuro,USD cents/lb,"Yahoo Finance (ticker KC=F, futuro ICE)"
2024-01-02,188.64999389648438,192.5500030517578,188.64999389648438,190.14999389648438,15062,cafe_arabica_futuro,USD cents/lb,"Yahoo Finance (ticker KC=F, futuro ICE)"
2024-01-03,190.75,191.0500030517578,184.8000030517578,186.25,14584,cafe_arabica_futuro,USD cents/lb,"Yahoo Finance (ticker KC=F, futuro ICE)"
2024-01-04,186.85000610351562,187.60000610351562,185.0500030517578,185.5500030517578,11156,cafe_arabica_futuro,USD cents/lb,"Yahoo Finance (ticker KC=F, futuro ICE)"
2024-01-05,185.85000610351562,187.5500030517578,182.0500030517578,182.8000030517578,17958,cafe_arabica_futuro,USD cents/lb,"Yahoo Finance (ticker KC=F, futuro ICE)"
2024-01-08,181.6999969482422,183.6999969482422,179.5,181.39999389648438,20570,cafe_arabica_futuro,USD cents/lb,"Yahoo Finance (ticker KC=F, futuro ICE)"
2024-01-09,183.9499969482422,186.75,182.75,184.10000610351562,15659,cafe_arabica_futuro,USD cents/lb,"Yahoo Finance (ticker KC=F, futuro ICE)"
2024-01-10,184.3000030517578,184.8000030517578,180.39999389648438,181.14999389648438,20459,cafe_arabica_futuro,USD cents/lb,"Yahoo Finance (ticker KC=F, futuro ICE)"
2024-01-11,182.25,187.9499969482422,180.9499969482422,184.0500030517578,25947,cafe_arabica_futuro,USD cents/lb,"Yahoo Finance (ticker KC=F, futuro ICE)"
2024-01-12,183.5,186.85000610351562,179.0,180.0,22098,cafe_arabica_futuro,USD cents/lb,"Yahoo Finance (ticker KC=F, futuro ICE)"
2024-01-16,182.0,187.10000610351562,181.5500030517578,185.25,19773,cafe_arabica_futuro,USD cents/lb,"Yahoo Finance (ticker KC=F, futuro ICE)"
2024-01-17,184.89999389648438,185.14999389648438,178.35000610351562,179.1999969482422,21947,cafe_arabica_futuro,USD cents/lb,"Yahoo Finance (ticker KC=F, futuro ICE)"
2024-01-18,180.5,182.35000610351562,175.5500030517578,179.9499969482422,21872,cafe_arabica_futuro,USD cents/lb,"Yahoo Finance (ticker KC=F, futuro ICE)"
2024-01-19,182.0,186.14999389648438,181.64999389648438,185.14999389648438,16740,cafe_arabica_futuro,USD cents/lb,"Yahoo Finance (ticker KC=F, futuro ICE)"
2024-01-22,184.4499969482422,193.14999389648438,183.5,192.25,24808,cafe_arabica_futuro,USD cents/lb,"Yahoo Finance (ticker KC=F, futuro ICE)"
2024-01-23,192.25,194.5,188.60000610351562,192.9499969482422,22035,cafe_arabica_futuro,USD cents/lb,"Yahoo Finance (ticker KC=F, futuro ICE)"
2024-01-24,193.8000030517578,195.75,188.10000610351562,189.4499969482422,24251,cafe_arabica_futuro,USD cents/lb,"Yahoo Finance (ticker KC=F, futuro ICE)"
2024-01-25,189.9499969482422,190.5,184.35000610351562,186.9499969482422,22135,cafe_arabica_futuro,USD cents/lb,"Yahoo Finance (ticker KC=F, futuro ICE)"
2024-01-26,187.1999969482422,194.8000030517578,186.0,193.85000610351562,20939,cafe_arabica_futuro,USD cents/lb,"Yahoo Finance (ticker KC=F, futuro ICE)"
2024-01-29,192.85000610351562,194.35000610351562,188.64999389648438,189.25,18399,cafe_arabica_futuro,USD cents/lb,"Yahoo Finance (ticker KC=F, futuro ICE)"
2024-01-30,190.10000610351562,197.4499969482422,189.0500030517578,194.0,24467,cafe_arabica_futuro,USD cents/lb,"Yahoo Finance (ticker KC=F, futuro ICE)"
2024-01-31,194.0,195.5500030517578,192.0500030517578,194.0500030517578,19761,cafe_arabica_futuro,USD cents/lb,"Yahoo Finance (ticker KC=F, futuro ICE)"
2024-02-01,193.39999389648438,195.3000030517578,191.14999389648438,194.1999969482422,25789,cafe_arabica_futuro,USD cents/lb,"Yahoo Finance (ticker KC=F, futuro ICE)"
2024-02-02,194.1999969482422,195.0500030517578,190.5,191.9499969482422,21292,cafe_arabica_futuro,USD cents/lb,"Yahoo Finance (ticker KC=F, futuro ICE)"
2024-02-05,190.75,192.3000030517578,188.5,189.5,19509,cafe_arabica_futuro,USD cents/lb,"Yahoo Finance (ticker KC=F, futuro ICE)"
2024-02-06,188.85000610351562,189.1999969482422,186.0,188.1999969482422,24114,cafe_arabica_futuro,USD cents/lb,"Yahoo Finance (ticker KC=F, futuro ICE)"
2024-02-07,189.39999389648438,191.8000030517578,188.6999969482422,190.6999969482422,36785,cafe_arabica_futuro,USD cents/lb,"Yahoo Finance (ticker KC=F, futuro ICE)"
2024-02-08,190.4499969482422,190.5,188.35000610351562,188.8000030517578,38553,cafe_arabica_futuro,USD cents/lb,"Yahoo Finance (ticker KC=F, futuro ICE)"
2024-02-09,190.25,197.0,190.0500030517578,196.3000030517578,36014,cafe_arabica_futuro,USD cents/lb,"Yahoo Finance (ticker KC=F, futuro ICE)"
2024-02-12,195.35000610351562,198.64999389648438,192.0500030517578,195.60000610351562,14808,cafe_arabica_futuro,USD cents/lb,"Yahoo Finance (ticker KC=F, futuro ICE)"
2024-02-13,195.0500030517578,197.10000610351562,191.64999389648438,193.0,10712,cafe_arabica_futuro,USD cents/lb,"Yahoo Finance (ticker KC=F, futuro ICE)"
2024-02-14,192.0,192.0,186.64999389648438,187.0500030517578,10601,cafe_arabica_futuro,USD cents/lb,"Yahoo Finance (ticker KC=F, futuro ICE)"
2024-02-15,188.8000030517578,190.60000610351562,187.1999969482422,189.3000030517578,8205,cafe_arabica_futuro,USD cents/lb,"Yahoo Finance (ticker KC=F, futuro ICE)"
2024-02-16,191.0,191.75,188.14999389648438,190.85000610351562,10449,cafe_arabica_futuro,USD cents/lb,"Yahoo Finance (ticker KC=F, futuro ICE)"
2024-02-20,192.39999389648438,197.9499969482422,189.60000610351562,191.60000610351562,10718,cafe_arabica_futuro,USD cents/lb,"Yahoo Finance (ticker KC=F, futuro ICE)"
2024-02-21,197.60000610351562,198.9499969482422,195.35000610351562,198.35000610351562,402,cafe_arabica_futuro,USD cents/lb,"Yahoo Finance (ticker KC=F, futuro ICE)"
2024-02-22,197.4499969482422,198.0,193.5,193.85000610351562,143,cafe_arabica_futuro,USD cents/lb,"Yahoo Finance (ticker KC=F, futuro ICE)"
2024-02-23,193.89999389648438,193.89999389648438,190.6999969482422,191.0,144,cafe_arabica_futuro,USD cents/lb,"Yahoo Finance (ticker KC=F, futuro ICE)"
2024-02-26,190.8000030517578,191.85000610351562,190.0,190.10000610351562,49,cafe_arabica_futuro,USD cents/lb,"Yahoo Finance (ticker KC=F, futuro ICE)"
2024-02-27,191.10000610351562,192.5500030517578,188.5500030517578,194.0500030517578,90,cafe_arabica_futuro,USD cents/lb,"Yahoo Finance (ticker KC=F, futuro ICE)"
2024-02-28,192.8000030517578,193.39999389648438,192.0500030517578,193.35000610351562,100,cafe_arabica_futuro,USD cents/lb,"Yahoo Finance (ticker KC=F, futuro ICE)"
2024-02-29,195.85000610351562,195.85000610351562,195.85000610351562,195.85000610351562,2,cafe_arabica_futuro,USD cents/lb,"Yahoo Finance (ticker KC=F, futuro ICE)"
2024-03-01,193.5500030517578,193.5500030517578,192.0,193.8000030517578,23,cafe_arabica_futuro,USD cents/lb,"Yahoo Finance (ticker KC=F, futuro ICE)"
2024-03-04,199.1999969482422,199.39999389648438,199.1999969482422,197.39999389648438,15,cafe_arabica_futuro,USD cents/lb,"Yahoo Finance (ticker KC=F, futuro ICE)"
2024-03-05,198.75,198.75,195.8000030517578,195.0,29,cafe_arabica_futuro,USD cents/lb,"Yahoo Finance (ticker KC=F, futuro ICE)"
2024-03-06,194.8000030517578,194.89999389648438,190.0,194.4499969482422,43,cafe_arabica_futuro,USD cents/lb,"Yahoo Finance (ticker KC=F, futuro ICE)"
2024-03-07,198.35000610351562,198.35000610351562,198.35000610351562,198.35000610351562,12,cafe_arabica_futuro,USD cents/lb,"Yahoo Finance (ticker KC=F, futuro ICE)"
2024-03-08,195.85000610351562,195.85000610351562,191.0,191.39999389648438,3,cafe_arabica_futuro,USD cents/lb,"Yahoo Finance (ticker KC=F, futuro ICE)"
2024-03-11,193.3000030517578,194.89999389648438,191.5,194.35000610351562,29,cafe_arabica_futuro,USD cents/lb,"Yahoo Finance (ticker KC=F, futuro ICE)"
2024-03-12,196.6999969482422,197.89999389648438,195.35000610351562,195.39999389648438,5,cafe_arabica_futuro,USD cents/lb,"Yahoo Finance (ticker KC=F, futuro ICE)"
2024-03-13,195.6999969482422,196.0,192.0,191.64999389648438,38,cafe_arabica_futuro,USD cents/lb,"Yahoo Finance (ticker KC=F, futuro ICE)"
2024-03-14,190.0,191.25,189.0500030517578,191.35000610351562,19,cafe_arabica_futuro,USD cents/lb,"Yahoo Finance (ticker KC=F, futuro ICE)"
2024-03-15,182.85000610351562,182.85000610351562,182.85000610351562,182.85000610351562,4,cafe_arabica_futuro,USD cents/lb,"Yahoo Finance (ticker KC=F, futuro ICE)"
2024-03-18,181.85000610351562,181.85000610351562,181.85000610351562,181.85000610351562,16935,cafe_arabica_futuro,USD cents/lb,"Yahoo Finance (ticker KC=F, futuro ICE)"
2024-03-19,181.25,183.35000610351562,179.35000610351562,183.0500030517578,21063,cafe_arabica_futuro,USD cents/lb,"Yahoo Finance (ticker KC=F, futuro ICE)"
2024-03-20,182.64999389648438,184.39999389648438,181.64999389648438,182.39999389648438,14722,cafe_arabica_futuro,USD cents/lb,"Yahoo Finance (ticker KC=F, futuro ICE)"
2024-03-21,183.85000610351562,188.39999389648438,183.0500030517578,185.6999969482422,23116,cafe_arabica_futuro,USD cents/lb,"Yahoo Finance (ticker KC=F, futuro ICE)"
2024-03-22,186.0,188.1999969482422,184.5500030517578,184.85000610351562,21361,cafe_arabica_futuro,USD cents/lb,"Yahoo Finance (ticker KC=F, futuro ICE)"
2024-03-25,185.14999389648438,186.25,183.35000610351562,185.64999389648438,18995,cafe_arabica_futuro,USD cents/lb,"Yahoo Finance (ticker KC=F, futuro ICE)"
2024-03-26,185.64999389648438,189.4499969482422,185.3000030517578,188.0500030517578,21863,cafe_arabica_futuro,USD cents/lb,"Yahoo Finance (ticker KC=F, futuro ICE)"
2024-03-27,188.0500030517578,192.5,187.14999389648438,190.64999389648438,32255,cafe_arabica_futuro,USD cents/lb,"Yahoo Finance (ticker KC=F, futuro ICE)"
2024-03-28,191.0500030517578,191.1999969482422,187.5500030517578,188.85000610351562,21237,cafe_arabica_futuro,USD cents/lb,"Yahoo Finance (ticker KC=F, futuro ICE)"
2024-04-01,188.0,192.6999969482422,187.6999969482422,191.8000030517578,19146,cafe_arabica_futuro,USD cents/lb,"Yahoo Finance (ticker KC=F, futuro ICE)"
2024-04-02,190.9499969482422,198.39999389648438,190.75,197.75,39260,cafe_arabica_futuro,USD cents/lb,"Yahoo Finance (ticker KC=F, futuro ICE)"
2024-04-03,196.6999969482422,207.14999389648438,196.3000030517578,203.60000610351562,40344,cafe_arabica_futuro,USD cents/lb,"Yahoo Finance (ticker KC=F, futuro ICE)"
2024-04-04,206.3000030517578,207.9499969482422,202.5,206.75,32098,cafe_arabica_futuro,USD cents/lb,"Yahoo Finance (ticker KC=F, futuro ICE)"
2024-04-05,205.10000610351562,214.0,204.1999969482422,212.5,45071,cafe_arabica_futuro,USD cents/lb,"Yahoo Finance (ticker KC=F, futuro ICE)"
2024-04-08,212.14999389648438,216.39999389648438,209.4499969482422,211.10000610351562,45974,cafe_arabica_futuro,USD cents/lb,"Yahoo Finance (ticker KC=F, futuro ICE)"
2024-04-09,209.60000610351562,214.75,209.60000610351562,213.5500030517578,40360,cafe_arabica_futuro,USD cents/lb,"Yahoo Finance (ticker KC=F, futuro ICE)"
2024-04-10,213.85000610351562,215.89999389648438,211.5500030517578,214.64999389648438,24655,cafe_arabica_futuro,USD cents/lb,"Yahoo Finance (ticker KC=F, futuro ICE)"
2024-04-11,215.3000030517578,221.8000030517578,214.10000610351562,220.35000610351562,26109,cafe_arabica_futuro,USD cents/lb,"Yahoo Finance (ticker KC=F, futuro ICE)"
2024-04-12,220.9499969482422,236.1999969482422,219.5,224.64999389648438,31234,cafe_arabica_futuro,USD cents/lb,"Yahoo Finance (ticker KC=F, futuro ICE)"
2024-04-15,221.64999389648438,235.4499969482422,219.3000030517578,231.5500030517578,15671,cafe_arabica_futuro,USD cents/lb,"Yahoo Finance (ticker KC=F, futuro ICE)"
2024-04-16,235.75,239.5,232.85000610351562,236.75,12609,cafe_arabica_futuro,USD cents/lb,"Yahoo Finance (ticker KC=F, futuro ICE)"
2024-04-17,237.39999389648438,249.3000030517578,236.39999389648438,247.9499969482422,8746,cafe_arabica_futuro,USD cents/lb,"Yahoo Finance (ticker KC=F, futuro ICE)"
2024-04-18,252.10000610351562,253.6999969482422,239.5,239.85000610351562,5470,cafe_arabica_futuro,USD cents/lb,"Yahoo Finance (ticker KC=F, futuro ICE)"
2024-04-19,243.64999389648438,247.75,238.1999969482422,241.39999389648438,5190,cafe_arabica_futuro,USD cents/lb,"Yahoo Finance (ticker KC=F, futuro ICE)"
2024-04-22,240.9499969482422,240.9499969482422,229.8000030517578,231.64999389648438,952,cafe_arabica_futuro,USD cents/lb,"Yahoo Finance (ticker KC=F, futuro ICE)"
2024-04-23,226.64999389648438,226.64999389648438,224.10000610351562,224.5,130,cafe_arabica_futuro,USD cents/lb,"Yahoo Finance (ticker KC=F, futuro ICE)"
2024-04-24,229.25,229.25,226.35000610351562,228.4499969482422,68,cafe_arabica_futuro,USD cents/lb,"Yahoo Finance (ticker KC=F, futuro ICE)"
2024-04-25,230.85000610351562,231.5,230.85000610351562,231.9499969482422,26,cafe_arabica_futuro,USD cents/lb,"Yahoo Finance (ticker KC=F, futuro ICE)"
2024-04-26,232.5,232.5,232.5,230.60000610351562,1,cafe_arabica_futuro,USD cents/lb,"Yahoo Finance (ticker KC=F, futuro ICE)"
2024-04-29,234.0,234.0,234.0,233.5500030517578,20,cafe_arabica_futuro,USD cents/lb,"Yahoo Finance (ticker KC=F, futuro ICE)"
2024-04-30,215.60000610351562,217.75,215.60000610351562,220.64999389648438,18,cafe_arabica_futuro,USD cents/lb,"Yahoo Finance (ticker KC=F, futuro ICE)"
2024-05-01,222.39999389648438,222.39999389648438,215.6999969482422,219.0500030517578,12,cafe_arabica_futuro,USD cents/lb,"Yahoo Finance (ticker KC=F, futuro ICE)"
2024-05-02,218.0,218.0,218.0,208.64999389648438,9,cafe_arabica_futuro,USD cents/lb,"Yahoo Finance (ticker KC=F, futuro ICE)"
2024-05-03,207.75,208.9499969482422,207.5,205.89999389648438,72,cafe_arabica_futuro,USD cents/lb,"Yahoo Finance (ticker KC=F, futuro ICE)"
2024-05-06,203.0,203.0,199.4499969482422,200.6999969482422,7,cafe_arabica_futuro,USD cents/lb,"Yahoo Finance (ticker KC=F, futuro ICE)"
2024-05-07,196.60000610351562,196.60000610351562,196.60000610351562,199.0,2,cafe_arabica_futuro,USD cents/lb,"Yahoo Finance (ticker KC=F, futuro ICE)"
2024-05-08,201.64999389648438,201.64999389648438,200.1999969482422,200.25,6,cafe_arabica_futuro,USD cents/lb,"Yahoo Finance (ticker KC=F, futuro ICE)"
2024-05-09,202.3000030517578,205.39999389648438,202.3000030517578,203.6999969482422,3,cafe_arabica_futuro,USD cents/lb,"Yahoo Finance (ticker KC=F, futuro ICE)"
2024-05-10,204.39999389648438,204.39999389648438,204.39999389648438,204.39999389648438,0,cafe_arabica_futuro,USD cents/lb,"Yahoo Finance (ticker KC=F, futuro ICE)"
2024-05-13,200.0,200.0,200.0,200.39999389648438,4,cafe_arabica_futuro,USD cents/lb,"Yahoo Finance (ticker KC=F, futuro ICE)"
2024-05-14,199.25,199.25,199.0,202.85000610351562,2,cafe_arabica_futuro,USD cents/lb,"Yahoo Finance (ticker KC=F, futuro ICE)"
2024-05-15,202.3000030517578,202.3000030517578,202.3000030517578,201.25,1,cafe_arabica_futuro,USD cents/lb,"Yahoo Finance (ticker KC=F, futuro ICE)"
2024-05-16,199.5500030517578,199.5500030517578,199.5500030517578,199.5500030517578,4,cafe_arabica_futuro,USD cents/lb,"Yahoo Finance (ticker KC=F, futuro ICE)"
2024-05-17,208.14999389648438,208.14999389648438,208.14999389648438,208.14999389648438,8,cafe_arabica_futuro,USD cents/lb,"Yahoo Finance (ticker KC=F, futuro ICE)"
2024-05-20,209.3000030517578,209.3000030517578,209.3000030517578,209.3000030517578,19959,cafe_arabica_futuro,USD cents/lb,"Yahoo Finance (ticker KC=F, futuro ICE)"
2024-05-21,207.0,219.10000610351562,206.35000610351562,217.1999969482422,29462,cafe_arabica_futuro,USD cents/lb,"Yahoo Finance (ticker KC=F, futuro ICE)"
2024-05-22,218.64999389648438,221.14999389648438,216.64999389648438,220.4499969482422,22051,cafe_arabica_futuro,USD cents/lb,"Yahoo Finance (ticker KC=F, futuro ICE)"
2024-05-23,221.0,221.8000030517578,212.0500030517578,215.64999389648438,24018,cafe_arabica_futuro,USD cents/lb,"Yahoo Finance (ticker KC=F, futuro ICE)"
2024-05-24,215.3000030517578,220.1999969482422,213.0500030517578,218.25,15829,cafe_arabica_futuro,USD cents/lb,"Yahoo Finance (ticker KC=F, futuro ICE)"
2024-05-28,220.0,233.1999969482422,219.25,230.9499969482422,29780,cafe_arabica_futuro,USD cents/lb,"Yahoo Finance (ticker KC=F, futuro ICE)"
2024-05-29,229.0,236.25,228.0500030517578,229.4499969482422,25747,cafe_arabica_futuro,USD cents/lb,"Yahoo Finance (ticker KC=F, futuro ICE)"
2024-05-30,228.25,235.4499969482422,225.5,233.0,20874,cafe_arabica_futuro,USD cents/lb,"Yahoo Finance (ticker KC=F, futuro ICE)"
2024-05-31,234.10000610351562,237.75,220.5500030517578,222.35000610351562,29755,cafe_arabica_futuro,USD cents/lb,"Yahoo Finance (ticker KC=F, futuro ICE)"
2024-06-03,221.14999389648438,229.3000030517578,220.89999389648438,226.5500030517578,18580,cafe_arabica_futuro,USD cents/lb,"Yahoo Finance (ticker KC=F, futuro ICE)"
2024-06-04,226.10000610351562,234.1999969482422,223.5500030517578,233.89999389648438,24657,cafe_arabica_futuro,USD cents/lb,"Yahoo Finance (ticker KC=F, futuro ICE)"
2024-06-05,230.25,233.25,226.35000610351562,231.9499969482422,29236,cafe_arabica_futuro,USD cents/lb,"Yahoo Finance (ticker KC=F, futuro ICE)"
2024-06-06,232.0,239.8000030517578,231.8000030517578,234.1999969482422,30868,cafe_arabica_futuro,USD cents/lb,"Yahoo Finance (ticker KC=F, futuro ICE)"
2024-06-07,233.4499969482422,234.10000610351562,223.60000610351562,224.8000030517578,49022,cafe_arabica_futuro,USD cents/lb,"Yahoo Finance (ticker KC=F, futuro ICE)"
2024-06-10,225.0,226.4499969482422,219.0500030517578,221.39999389648438,33334,cafe_arabica_futuro,USD cents/lb,"Yahoo Finance (ticker KC=F, futuro ICE)"
2024-06-11,221.60000610351562,224.6999969482422,218.85000610351562,220.5500030517578,30585,cafe_arabica_futuro,USD cents/lb,"Yahoo Finance (ticker KC=F, futuro ICE)"
2024-06-12,219.35000610351562,227.35000610351562,215.0,224.35000610351562,33754,cafe_arabica_futuro,USD cents/lb,"Yahoo Finance (ticker KC=F, futuro ICE)"
2024-06-13,224.35000610351562,229.3000030517578,224.10000610351562,226.0500030517578,13545,cafe_arabica_futuro,USD cents/lb,"Yahoo Finance (ticker KC=F, futuro ICE)"
2024-06-14,225.5,227.35000610351562,222.9499969482422,224.14999389648438,10934,cafe_arabica_futuro,USD cents/lb,"Yahoo Finance (ticker KC=F, futuro ICE)"
2024-06-17,225.6999969482422,227.5500030517578,223.0500030517578,227.14999389648438,9364,cafe_arabica_futuro,USD cents/lb,"Yahoo Finance (ticker KC=F, futuro ICE)"
2024-06-18,227.5,228.64999389648438,222.5,226.3000030517578,9738,cafe_arabica_futuro,USD cents/lb,"Yahoo Finance (ticker KC=F, futuro ICE)"
2024-06-20,228.8000030517578,236.89999389648438,228.0,230.25,389,cafe_arabica_futuro,USD cents/lb,"Yahoo Finance (ticker KC=F, futuro ICE)"
2024-06-21,229.39999389648438,232.64999389648438,226.5500030517578,226.5500030517578,46,cafe_arabica_futuro,USD cents/lb,"Yahoo Finance (ticker KC=F, futuro ICE)"
2024-06-24,231.60000610351562,237.39999389648438,231.60000610351562,238.0,58,cafe_arabica_futuro,USD cents/lb,"Yahoo Finance (ticker KC=F, futuro ICE)"
2024-06-25,237.14999389648438,237.1999969482422,231.0,231.1999969482422,19,cafe_arabica_futuro,USD cents/lb,"Yahoo Finance (ticker KC=F, futuro ICE)"
2024-06-26,232.8000030517578,232.89999389648438,226.10000610351562,226.35000610351562,18,cafe_arabica_futuro,USD cents/lb,"Yahoo Finance (ticker KC=F, futuro ICE)"
2024-06-27,229.35000610351562,229.35000610351562,229.35000610351562,228.25,4,cafe_arabica_futuro,USD cents/lb,"Yahoo Finance (ticker KC=F, futuro ICE)"
2024-06-28,224.5,229.10000610351562,224.5,228.9499969482422,11,cafe_arabica_futuro,USD cents/lb,"Yahoo Finance (ticker KC=F, futuro ICE)"
2024-07-01,226.25,226.25,224.35000610351562,226.6999969482422,114,cafe_arabica_futuro,USD cents/lb,"Yahoo Finance (ticker KC=F, futuro ICE)"
2024-07-02,231.14999389648438,233.0500030517578,230.5,229.10000610351562,12,cafe_arabica_futuro,USD cents/lb,"Yahoo Finance (ticker KC=F, futuro ICE)"
2024-07-03,228.0500030517578,228.0500030517578,228.0500030517578,225.9499969482422,1,cafe_arabica_futuro,USD cents/lb,"Yahoo Finance (ticker KC=F, futuro ICE)"
2024-07-05,230.3000030517578,230.3000030517578,230.3000030517578,230.3000030517578,0,cafe_arabica_futuro,USD cents/lb,"Yahoo Finance (ticker KC=F, futuro ICE)"
2024-07-08,236.6999969482422,236.6999969482422,236.6999969482422,236.1999969482422,1,cafe_arabica_futuro,USD cents/lb,"Yahoo Finance (ticker KC=F, futuro ICE)"
2024-07-09,252.0,252.0,252.0,252.0,0,cafe_arabica_futuro,USD cents/lb,"Yahoo Finance (ticker KC=F, futuro ICE)"
2024-07-10,249.0,249.0,248.10000610351562,245.6999969482422,4,cafe_arabica_futuro,USD cents/lb,"Yahoo Finance (ticker KC=F, futuro ICE)"
2024-07-11,247.10000610351562,247.10000610351562,247.10000610351562,246.75,1,cafe_arabica_futuro,USD cents/lb,"Yahoo Finance (ticker KC=F, futuro ICE)"
2024-07-12,250.4499969482422,250.4499969482422,250.4499969482422,250.4499969482422,48,cafe_arabica_futuro,USD cents/lb,"Yahoo Finance (ticker KC=F, futuro ICE)"
2024-07-15,249.3000030517578,249.5,248.5,244.14999389648438,3,cafe_arabica_futuro,USD cents/lb,"Yahoo Finance (ticker KC=F, futuro ICE)"
2024-07-16,245.39999389648438,245.39999389648438,245.39999389648438,245.39999389648438,0,cafe_arabica_futuro,USD cents/lb,"Yahoo Finance (ticker KC=F, futuro ICE)"
2024-07-17,247.35000610351562,247.35000610351562,247.35000610351562,247.35000610351562,2,cafe_arabica_futuro,USD cents/lb,"Yahoo Finance (ticker KC=F, futuro ICE)"
2024-07-18,243.39999389648438,243.39999389648438,243.39999389648438,243.39999389648438,0,cafe_arabica_futuro,USD cents/lb,"Yahoo Finance (ticker KC=F, futuro ICE)"
2024-07-19,238.1999969482422,238.1999969482422,238.1999969482422,238.1999969482422,20952,cafe_arabica_futuro,USD cents/lb,"Yahoo Finance (ticker KC=F, futuro ICE)"
2024-07-22,237.6999969482422,244.5500030517578,236.5,243.0500030517578,15361,cafe_arabica_futuro,USD cents/lb,"Yahoo Finance (ticker KC=F, futuro ICE)"
2024-07-23,242.5,243.10000610351562,238.25,239.10000610351562,13521,cafe_arabica_futuro,USD cents/lb,"Yahoo Finance (ticker KC=F, futuro ICE)"
2024-07-24,238.0,238.60000610351562,230.5500030517578,231.14999389648438,29802,cafe_arabica_futuro,USD cents/lb,"Yahoo Finance (ticker KC=F, futuro ICE)"
2024-07-25,231.35000610351562,235.4499969482422,228.5500030517578,234.6999969482422,26638,cafe_arabica_futuro,USD cents/lb,"Yahoo Finance (ticker KC=F, futuro ICE)"
2024-07-26,232.5500030517578,233.0,229.8000030517578,230.25,13314,cafe_arabica_futuro,USD cents/lb,"Yahoo Finance (ticker KC=F, futuro ICE)"
2024-07-29,230.35000610351562,233.60000610351562,228.10000610351562,230.39999389648438,16265,cafe_arabica_futuro,USD cents/lb,"Yahoo Finance (ticker KC=F, futuro ICE)"
2024-07-30,230.85000610351562,233.1999969482422,228.25,230.8000030517578,15917,cafe_arabica_futuro,USD cents/lb,"Yahoo Finance (ticker KC=F, futuro ICE)"
2024-07-31,230.5,235.39999389648438,227.10000610351562,229.1999969482422,22033,cafe_arabica_futuro,USD cents/lb,"Yahoo Finance (ticker KC=F, futuro ICE)"
2024-08-01,229.1999969482422,231.14999389648438,225.25,227.25,19190,cafe_arabica_futuro,USD cents/lb,"Yahoo Finance (ticker KC=F, futuro ICE)"
2024-08-02,227.25,231.75,226.4499969482422,230.5,16950,cafe_arabica_futuro,USD cents/lb,"Yahoo Finance (ticker KC=F, futuro ICE)"
2024-08-05,227.35000610351562,227.89999389648438,221.0,225.6999969482422,24822,cafe_arabica_futuro,USD cents/lb,"Yahoo Finance (ticker KC=F, futuro ICE)"
2024-08-06,229.85000610351562,238.85000610351562,229.5500030517578,235.9499969482422,31484,cafe_arabica_futuro,USD cents/lb,"Yahoo Finance (ticker KC=F, futuro ICE)"
2024-08-07,235.35000610351562,248.0,235.25,246.3000030517578,40125,cafe_arabica_futuro,USD cents/lb,"Yahoo Finance (ticker KC=F, futuro ICE)"
2024-08-08,245.25,251.75,243.10000610351562,245.3000030517578,37129,cafe_arabica_futuro,USD cents/lb,"Yahoo Finance (ticker KC=F, futuro ICE)"
2024-08-09,245.3000030517578,246.0500030517578,232.25,234.0500030517578,44484,cafe_arabica_futuro,USD cents/lb,"Yahoo Finance (ticker KC=F, futuro ICE)"
2024-08-12,245.5,249.4499969482422,239.25,240.85000610351562,25849,cafe_arabica_futuro,USD cents/lb,"Yahoo Finance (ticker KC=F, futuro ICE)"
2024-08-13,235.8000030517578,237.14999389648438,230.10000610351562,232.6999969482422,24083,cafe_arabica_futuro,USD cents/lb,"Yahoo Finance (ticker KC=F, futuro ICE)"
2024-08-14,232.75,238.9499969482422,232.0500030517578,237.0,10297,cafe_arabica_futuro,USD cents/lb,"Yahoo Finance (ticker KC=F, futuro ICE)"
2024-08-15,236.8000030517578,240.35000610351562,234.3000030517578,239.89999389648438,7422,cafe_arabica_futuro,USD cents/lb,"Yahoo Finance (ticker KC=F, futuro ICE)"
2024-08-16,239.10000610351562,245.8000030517578,238.5500030517578,245.4499969482422,8503,cafe_arabica_futuro,USD cents/lb,"Yahoo Finance (ticker KC=F, futuro ICE)"
2024-08-19,245.5,249.8000030517578,242.60000610351562,245.89999389648438,5273,cafe_arabica_futuro,USD cents/lb,"Yahoo Finance (ticker KC=F, futuro ICE)"
2024-08-20,247.89999389648438,254.5,245.8000030517578,249.4499969482422,5942,cafe_arabica_futuro,USD cents/lb,"Yahoo Finance (ticker KC=F, futuro ICE)"
2024-08-21,247.0,253.0,244.0,249.4499969482422,4069,cafe_arabica_futuro,USD cents/lb,"Yahoo Finance (ticker KC=F, futuro ICE)"
2024-08-22,253.3000030517578,253.3000030517578,244.5,246.8000030517578,247,cafe_arabica_futuro,USD cents/lb,"Yahoo Finance (ticker KC=F, futuro ICE)"
2024-08-23,246.8000030517578,251.35000610351562,245.0500030517578,251.1999969482422,46,cafe_arabica_futuro,USD cents/lb,"Yahoo Finance (ticker KC=F, futuro ICE)"
2024-08-26,249.39999389648438,253.25,248.39999389648438,253.64999389648438,12,cafe_arabica_futuro,USD cents/lb,"Yahoo Finance (ticker KC=F, futuro ICE)"
2024-08-27,259.1499938964844,263.6499938964844,254.64999389648438,259.3999938964844,57,cafe_arabica_futuro,USD cents/lb,"Yahoo Finance (ticker KC=F, futuro ICE)"
2024-08-28,259.0,259.04998779296875,259.0,260.45001220703125,12,cafe_arabica_futuro,USD cents/lb,"Yahoo Finance (ticker KC=F, futuro ICE)"
2024-08-29,258.70001220703125,258.70001220703125,250.3000030517578,251.8000030517578,51,cafe_arabica_futuro,USD cents/lb,"Yahoo Finance (ticker KC=F, futuro ICE)"
2024-08-30,255.4499969482422,255.5,250.3000030517578,248.1999969482422,18,cafe_arabica_futuro,USD cents/lb,"Yahoo Finance (ticker KC=F, futuro ICE)"
2024-09-03,246.64999389648438,246.64999389648438,246.64999389648438,246.75,20,cafe_arabica_futuro,USD cents/lb,"Yahoo Finance (ticker KC=F, futuro ICE)"
2024-09-04,246.4499969482422,246.4499969482422,246.10000610351562,245.5500030517578,3,cafe_arabica_futuro,USD cents/lb,"Yahoo Finance (ticker KC=F, futuro ICE)"
2024-09-05,246.60000610351562,246.60000610351562,246.60000610351562,246.60000610351562,0,cafe_arabica_futuro,USD cents/lb,"Yahoo Finance (ticker KC=F, futuro ICE)"
2024-09-06,246.5,246.5,240.0,240.0500030517578,3,cafe_arabica_futuro,USD cents/lb,"Yahoo Finance (ticker KC=F, futuro ICE)"
2024-09-09,249.4499969482422,249.4499969482422,249.4499969482422,249.4499969482422,3,cafe_arabica_futuro,USD cents/lb,"Yahoo Finance (ticker KC=F, futuro ICE)"
2024-09-10,248.0,248.0,248.0,248.0,4,cafe_arabica_futuro,USD cents/lb,"Yahoo Finance (ticker KC=F, futuro ICE)"
2024-09-11,247.85000610351562,247.85000610351562,247.85000610351562,249.4499969482422,1,cafe_arabica_futuro,USD cents/lb,"Yahoo Finance (ticker KC=F, futuro ICE)"
2024-09-12,252.0,252.0,252.0,252.0,0,cafe_arabica_futuro,USD cents/lb,"Yahoo Finance (ticker KC=F, futuro ICE)"
2024-09-13,261.75,261.75,261.75,262.04998779296875,2,cafe_arabica_futuro,USD cents/lb,"Yahoo Finance (ticker KC=F, futuro ICE)"
2024-09-16,259.04998779296875,259.04998779296875,259.04998779296875,259.04998779296875,0,cafe_arabica_futuro,USD cents/lb,"Yahoo Finance (ticker KC=F, futuro ICE)"
2024-09-17,264.20001220703125,265.04998779296875,264.20001220703125,265.0,3,cafe_arabica_futuro,USD cents/lb,"Yahoo Finance (ticker KC=F, futuro ICE)"
2024-09-18,265.70001220703125,265.70001220703125,265.70001220703125,263.1499938964844,15678,cafe_arabica_futuro,USD cents/lb,"Yahoo Finance (ticker KC=F, futuro ICE)"
2024-09-19,260.6000061035156,263.0,257.29998779296875,261.6499938964844,14167,cafe_arabica_futuro,USD cents/lb,"Yahoo Finance (ticker KC=F, futuro ICE)"
2024-09-20,261.79998779296875,262.1000061035156,247.6999969482422,250.75,23783,cafe_arabica_futuro,USD cents/lb,"Yahoo Finance (ticker KC=F, futuro ICE)"
2024-09-23,251.89999389648438,264.3999938964844,250.10000610351562,263.6499938964844,21100,cafe_arabica_futuro,USD cents/lb,"Yahoo Finance (ticker KC=F, futuro ICE)"
2024-09-24,263.6499938964844,270.3999938964844,262.70001220703125,267.79998779296875,19275,cafe_arabica_futuro,USD cents/lb,"Yahoo Finance (ticker KC=F, futuro ICE)"
2024-09-25,267.0,271.20001220703125,263.20001220703125,269.1000061035156,15053,cafe_arabica_futuro,USD cents/lb,"Yahoo Finance (ticker KC=F, futuro ICE)"
2024-09-26,268.75,275.04998779296875,267.95001220703125,273.8999938964844,15565,cafe_arabica_futuro,USD cents/lb,"Yahoo Finance (ticker KC=F, futuro ICE)"
2024-09-27,272.0,273.1499938964844,264.6000061035156,269.1499938964844,14947,cafe_arabica_futuro,USD cents/lb,"Yahoo Finance (ticker KC=F, futuro ICE)"
2024-09-30,268.1499938964844,272.1499938964844,264.1000061035156,270.25,18335,cafe_arabica_futuro,USD cents/lb,"Yahoo Finance (ticker KC=F, futuro ICE)"
2024-10-01,269.79998779296875,271.45001220703125,261.5,264.1499938964844,19959,cafe_arabica_futuro,USD cents/lb,"Yahoo Finance (ticker KC=F, futuro ICE)"
2024-10-02,265.5,267.5,255.75,256.5,24169,cafe_arabica_futuro,USD cents/lb,"Yahoo Finance (ticker KC=F, futuro ICE)"
2024-10-03,257.95001220703125,258.5,251.39999389648438,252.0500030517578,16847,cafe_arabica_futuro,USD cents/lb,"Yahoo Finance (ticker KC=F, futuro ICE)"
2024-10-04,253.85000610351562,257.75,252.0,257.3500061035156,14342,cafe_arabica_futuro,USD cents/lb,"Yahoo Finance (ticker KC=F, futuro ICE)"
2024-10-07,252.85000610351562,253.64999389648438,243.35000610351562,244.64999389648438,26384,cafe_arabica_futuro,USD cents/lb,"Yahoo Finance (ticker KC=F, futuro ICE)"
2024-10-08,248.0500030517578,248.89999389648438,244.0500030517578,248.1999969482422,16056,cafe_arabica_futuro,USD cents/lb,"Yahoo Finance (ticker KC=F, futuro ICE)"
2024-10-09,247.75,252.89999389648438,246.60000610351562,250.0500030517578,14320,cafe_arabica_futuro,USD cents/lb,"Yahoo Finance (ticker KC=F, futuro ICE)"
2024-10-10,248.0500030517578,257.1000061035156,247.39999389648438,254.75,15930,cafe_arabica_futuro,USD cents/lb,"Yahoo Finance (ticker KC=F, futuro ICE)"
2024-10-11,254.25,256.45001220703125,251.0,252.0500030517578,13850,cafe_arabica_futuro,USD cents/lb,"Yahoo Finance (ticker KC=F, futuro ICE)"
2024-10-14,251.0500030517578,262.6499938964844,250.3000030517578,262.04998779296875,16920,cafe_arabica_futuro,USD cents/lb,"Yahoo Finance (ticker KC=F, futuro ICE)"
2024-10-15,261.70001220703125,264.1499938964844,255.35000610351562,256.70001220703125,14783,cafe_arabica_futuro,USD cents/lb,"Yahoo Finance (ticker KC=F, futuro ICE)"
2024-10-16,258.0,259.54998779296875,254.8000030517578,258.0,13091,cafe_arabica_futuro,USD cents/lb,"Yahoo Finance (ticker KC=F, futuro ICE)"
2024-10-17,257.1000061035156,261.0,253.39999389648438,255.14999389648438,13289,cafe_arabica_futuro,USD cents/lb,"Yahoo Finance (ticker KC=F, futuro ICE)"
2024-10-18,254.0,259.1000061035156,253.10000610351562,257.29998779296875,11056,cafe_arabica_futuro,USD cents/lb,"Yahoo Finance (ticker KC=F, futuro ICE)"
2024-10-21,253.5,254.0500030517578,248.0500030517578,251.6999969482422,16917,cafe_arabica_futuro,USD cents/lb,"Yahoo Finance (ticker KC=F, futuro ICE)"
2024-10-22,252.5,255.6999969482422,248.5500030517578,249.85000610351562,17531,cafe_arabica_futuro,USD cents/lb,"Yahoo Finance (ticker KC=F, futuro ICE)"
2024-10-23,249.25,253.85000610351562,247.39999389648438,252.35000610351562,15434,cafe_arabica_futuro,USD cents/lb,"Yahoo Finance (ticker KC=F, futuro ICE)"
2024-10-24,251.89999389648438,256.1000061035156,244.10000610351562,245.4499969482422,21963,cafe_arabica_futuro,USD cents/lb,"Yahoo Finance (ticker KC=F, futuro ICE)"
2024-10-25,245.85000610351562,248.75,244.39999389648438,248.39999389648438,15942,cafe_arabica_futuro,USD cents/lb,"Yahoo Finance (ticker KC=F, futuro ICE)"
2024-10-28,247.25,255.64999389648438,246.25,252.35000610351562,17939,cafe_arabica_futuro,USD cents/lb,"Yahoo Finance (ticker KC=F, futuro ICE)"
2024-10-29,253.1999969482422,254.25,247.85000610351562,248.10000610351562,13578,cafe_arabica_futuro,USD cents/lb,"Yahoo Finance (ticker KC=F, futuro ICE)"
2024-10-30,248.6999969482422,250.5500030517578,245.14999389648438,249.60000610351562,16871,cafe_arabica_futuro,USD cents/lb,"Yahoo Finance (ticker KC=F, futuro ICE)"
2024-10-31,249.0,249.5,244.35000610351562,245.89999389648438,17376,cafe_arabica_futuro,USD cents/lb,"Yahoo Finance (ticker KC=F, futuro ICE)"
2024-11-01,246.3000030517578,249.25,241.3000030517578,242.9499969482422,23120,cafe_arabica_futuro,USD cents/lb,"Yahoo Finance (ticker KC=F, futuro ICE)"
2024-11-04,243.85000610351562,246.5500030517578,242.10000610351562,245.9499969482422,24031,cafe_arabica_futuro,USD cents/lb,"Yahoo Finance (ticker KC=F, futuro ICE)"
2024-11-05,246.5500030517578,252.25,246.0,250.14999389648438,28770,cafe_arabica_futuro,USD cents/lb,"Yahoo Finance (ticker KC=F, futuro ICE)"
2024-11-06,248.60000610351562,250.8000030517578,244.14999389648438,248.75,24333,cafe_arabica_futuro,USD cents/lb,"Yahoo Finance (ticker KC=F, futuro ICE)"
2024-11-07,250.14999389648438,261.3999938964844,249.5,260.3999938964844,38861,cafe_arabica_futuro,USD cents/lb,"Yahoo Finance (ticker KC=F, futuro ICE)"
2024-11-08,258.0,259.95001220703125,252.75,253.35000610351562,43846,cafe_arabica_futuro,USD cents/lb,"Yahoo Finance (ticker KC=F, futuro ICE)"
2024-11-11,253.35000610351562,258.70001220703125,253.35000610351562,256.20001220703125,27432,cafe_arabica_futuro,USD cents/lb,"Yahoo Finance (ticker KC=F, futuro ICE)"
2024-11-12,256.75,266.3999938964844,256.70001220703125,263.54998779296875,23933,cafe_arabica_futuro,USD cents/lb,"Yahoo Finance (ticker KC=F, futuro ICE)"
2024-11-13,262.8999938964844,272.95001220703125,260.75,271.6499938964844,16033,cafe_arabica_futuro,USD cents/lb,"Yahoo Finance (ticker KC=F, futuro ICE)"
2024-11-14,271.6499938964844,285.04998779296875,270.95001220703125,278.95001220703125,9891,cafe_arabica_futuro,USD cents/lb,"Yahoo Finance (ticker KC=F, futuro ICE)"
2024-11-15,274.95001220703125,283.8999938964844,274.95001220703125,281.79998779296875,10317,cafe_arabica_futuro,USD cents/lb,"Yahoo Finance (ticker KC=F, futuro ICE)"
2024-11-18,284.25,290.20001220703125,278.3500061035156,280.75,7712,cafe_arabica_futuro,USD cents/lb,"Yahoo Finance (ticker KC=F, futuro ICE)"
2024-11-19,281.70001220703125,287.20001220703125,277.75,279.75,6890,cafe_arabica_futuro,USD cents/lb,"Yahoo Finance (ticker KC=F, futuro ICE)"
2024-11-20,288.0,296.95001220703125,286.29998779296875,295.29998779296875,248,cafe_arabica_futuro,USD cents/lb,"Yahoo Finance (ticker KC=F, futuro ICE)"
2024-11-21,300.0,300.0,295.75,298.6499938964844,87,cafe_arabica_futuro,USD cents/lb,"Yahoo Finance (ticker KC=F, futuro ICE)"
2024-11-22,296.54998779296875,306.25,296.54998779296875,305.25,35,cafe_arabica_futuro,USD cents/lb,"Yahoo Finance (ticker KC=F, futuro ICE)"
2024-11-25,308.29998779296875,312.79998779296875,307.25,308.3500061035156,79,cafe_arabica_futuro,USD cents/lb,"Yahoo Finance (ticker KC=F, futuro ICE)"
2024-11-26,310.04998779296875,313.0,310.04998779296875,312.1499938964844,21,cafe_arabica_futuro,USD cents/lb,"Yahoo Finance (ticker KC=F, futuro ICE)"
2024-11-27,320.0,329.5,319.6499938964844,326.1499938964844,33,cafe_arabica_futuro,USD cents/lb,"Yahoo Finance (ticker KC=F, futuro ICE)"
2024-11-29,334.5,335.0,324.29998779296875,321.6499938964844,1144,cafe_arabica_futuro,USD cents/lb,"Yahoo Finance (ticker KC=F, futuro ICE)"
2024-12-02,318.1000061035156,318.1000061035156,297.6000061035156,299.20001220703125,30,cafe_arabica_futuro,USD cents/lb,"Yahoo Finance (ticker KC=F, futuro ICE)"
2024-12-03,298.3500061035156,303.45001220703125,293.75,297.70001220703125,46,cafe_arabica_futuro,USD cents/lb,"Yahoo Finance (ticker KC=F, futuro ICE)"
2024-12-04,306.6000061035156,306.6000061035156,305.79998779296875,305.95001220703125,19,cafe_arabica_futuro,USD cents/lb,"Yahoo Finance (ticker KC=F, futuro ICE)"
2024-12-05,310.75,312.45001220703125,307.8500061035156,315.75,4,cafe_arabica_futuro,USD cents/lb,"Yahoo Finance (ticker KC=F, futuro ICE)"
2024-12-06,332.5,332.5,332.5,332.5,2,cafe_arabica_futuro,USD cents/lb,"Yahoo Finance (ticker KC=F, futuro ICE)"
2024-12-09,332.29998779296875,332.29998779296875,332.29998779296875,332.29998779296875,2,cafe_arabica_futuro,USD cents/lb,"Yahoo Finance (ticker KC=F, futuro ICE)"
2024-12-10,343.8500061035156,347.3500061035156,343.70001220703125,335.6499938964844,24,cafe_arabica_futuro,USD cents/lb,"Yahoo Finance (ticker KC=F, futuro ICE)"
2024-12-11,321.70001220703125,321.70001220703125,321.70001220703125,321.70001220703125,0,cafe_arabica_futuro,USD cents/lb,"Yahoo Finance (ticker KC=F, futuro ICE)"
2024-12-12,322.6000061035156,322.6000061035156,322.6000061035156,322.6000061035156,2,cafe_arabica_futuro,USD cents/lb,"Yahoo Finance (ticker KC=F, futuro ICE)"
2024-12-13,320.8500061035156,320.8500061035156,320.8500061035156,320.8500061035156,0,cafe_arabica_futuro,USD cents/lb,"Yahoo Finance (ticker KC=F, futuro ICE)"
2024-12-16,328.25,328.25,328.25,328.75,1,cafe_arabica_futuro,USD cents/lb,"Yahoo Finance (ticker KC=F, futuro ICE)"
2024-12-17,322.6000061035156,322.6000061035156,322.6000061035156,325.45001220703125,1,cafe_arabica_futuro,USD cents/lb,"Yahoo Finance (ticker KC=F, futuro ICE)"
2024-12-18,333.1499938964844,333.1499938964844,333.1499938964844,333.1499938964844,17909,cafe_arabica_futuro,USD cents/lb,"Yahoo Finance (ticker KC=F, futuro ICE)"
2024-12-19,332.6499938964844,341.79998779296875,321.5,323.75,26439,cafe_arabica_futuro,USD cents/lb,"Yahoo Finance (ticker KC=F, futuro ICE)"
2024-12-20,325.5,329.5,319.0,325.0,15022,cafe_arabica_futuro,USD cents/lb,"Yahoo Finance (ticker KC=F, futuro ICE)"
2024-12-23,325.0,329.75,320.8500061035156,327.25,10320,cafe_arabica_futuro,USD cents/lb,"Yahoo Finance (ticker KC=F, futuro ICE)"
2024-12-24,327.04998779296875,329.54998779296875,322.04998779296875,328.6000061035156,0,cafe_arabica_futuro,USD cents/lb,"Yahoo Finance (ticker KC=F, futuro ICE)"
2024-12-26,330.0,331.5,322.3500061035156,324.6499938964844,7162,cafe_arabica_futuro,USD cents/lb,"Yahoo Finance (ticker KC=F, futuro ICE)"
2024-12-27,323.6499938964844,325.5,318.3999938964844,322.6499938964844,11070,cafe_arabica_futuro,USD cents/lb,"Yahoo Finance (ticker KC=F, futuro ICE)"
2024-12-30,322.1499938964844,323.8500061035156,316.79998779296875,321.0,12652,cafe_arabica_futuro,USD cents/lb,"Yahoo Finance (ticker KC=F, futuro ICE)"
2024-12-31,318.8500061035156,321.29998779296875,312.1499938964844,319.75,0,cafe_arabica_futuro,USD cents/lb,"Yahoo Finance (ticker KC=F, futuro ICE)"
2025-01-02,321.54998779296875,329.79998779296875,319.75,326.8500061035156,14736,cafe_arabica_futuro,USD cents/lb,"Yahoo Finance (ticker KC=F, futuro ICE)"
2025-01-03,324.75,326.25,317.6499938964844,318.6499938964844,11892,cafe_arabica_futuro,USD cents/lb,"Yahoo Finance (ticker KC=F, futuro ICE)"
2025-01-06,318.6499938964844,328.6000061035156,317.04998779296875,318.6000061035156,15989,cafe_arabica_futuro,USD cents/lb,"Yahoo Finance (ticker KC=F, futuro ICE)"
2025-01-07,320.6499938964844,323.1000061035156,317.75,320.5,12720,cafe_arabica_futuro,USD cents/lb,"Yahoo Finance (ticker KC=F, futuro ICE)"
2025-01-08,320.6499938964844,324.29998779296875,314.8999938964844,316.45001220703125,21114,cafe_arabica_futuro,USD cents/lb,"Yahoo Finance (ticker KC=F, futuro ICE)"
2025-01-09,321.0,322.0,316.6499938964844,318.5,14253,cafe_arabica_futuro,USD cents/lb,"Yahoo Finance (ticker KC=F, futuro ICE)"
2025-01-10,319.5,325.8500061035156,317.75,323.8500061035156,15992,cafe_arabica_futuro,USD cents/lb,"Yahoo Finance (ticker KC=F, futuro ICE)"
2025-01-13,322.8999938964844,333.8500061035156,322.1000061035156,325.95001220703125,19362,cafe_arabica_futuro,USD cents/lb,"Yahoo Finance (ticker KC=F, futuro ICE)"
2025-01-14,325.5,328.8500061035156,321.04998779296875,321.95001220703125,16245,cafe_arabica_futuro,USD cents/lb,"Yahoo Finance (ticker KC=F, futuro ICE)"
2025-01-15,322.5,331.20001220703125,321.04998779296875,330.45001220703125,12295,cafe_arabica_futuro,USD cents/lb,"Yahoo Finance (ticker KC=F, futuro ICE)"
2025-01-16,330.54998779296875,332.04998779296875,325.20001220703125,327.1499938964844,12579,cafe_arabica_futuro,USD cents/lb,"Yahoo Finance (ticker KC=F, futuro ICE)"
2025-01-17,328.8999938964844,332.45001220703125,325.8999938964844,328.3500061035156,12501,cafe_arabica_futuro,USD cents/lb,"Yahoo Finance (ticker KC=F, futuro ICE)"
2025-01-21,330.3999938964844,336.25,327.1000061035156,327.79998779296875,16306,cafe_arabica_futuro,USD cents/lb,"Yahoo Finance (ticker KC=F, futuro ICE)"
2025-01-22,331.20001220703125,342.95001220703125,327.5,341.8500061035156,20014,cafe_arabica_futuro,USD cents/lb,"Yahoo Finance (ticker KC=F, futuro ICE)"
2025-01-23,342.0,348.8999938964844,338.8500061035156,343.95001220703125,20092,cafe_arabica_futuro,USD cents/lb,"Yahoo Finance (ticker KC=F, futuro ICE)"
2025-01-24,345.0,349.79998779296875,341.8999938964844,347.54998779296875,13666,cafe_arabica_futuro,USD cents/lb,"Yahoo Finance (ticker KC=F, futuro ICE)"
2025-01-27,348.75,355.54998779296875,345.20001220703125,349.20001220703125,19560,cafe_arabica_futuro,USD cents/lb,"Yahoo Finance (ticker KC=F, futuro ICE)"
2025-01-28,352.54998779296875,358.8999938964844,346.79998779296875,357.5,15976,cafe_arabica_futuro,USD cents/lb,"Yahoo Finance (ticker KC=F, futuro ICE)"
2025-01-29,360.25,369.45001220703125,359.20001220703125,366.54998779296875,22486,cafe_arabica_futuro,USD cents/lb,"Yahoo Finance (ticker KC=F, futuro ICE)"
2025-01-30,368.0,376.8500061035156,365.3500061035156,373.3999938964844,20670,cafe_arabica_futuro,USD cents/lb,"Yahoo Finance (ticker KC=F, futuro ICE)"
2025-01-31,380.0,381.04998779296875,366.20001220703125,377.8500061035156,25869,cafe_arabica_futuro,USD cents/lb,"Yahoo Finance (ticker KC=F, futuro ICE)"
2025-02-03,375.8500061035156,388.95001220703125,373.3999938964844,380.8999938964844,25155,cafe_arabica_futuro,USD cents/lb,"Yahoo Finance (ticker KC=F, futuro ICE)"
2025-02-04,385.1000061035156,389.8999938964844,380.8999938964844,383.3500061035156,19981,cafe_arabica_futuro,USD cents/lb,"Yahoo Finance (ticker KC=F, futuro ICE)"
2025-02-05,385.8999938964844,401.1000061035156,381.6000061035156,397.75,26188,cafe_arabica_futuro,USD cents/lb,"Yahoo Finance (ticker KC=F, futuro ICE)"
2025-02-06,402.0,411.25,398.70001220703125,403.95001220703125,25382,cafe_arabica_futuro,USD cents/lb,"Yahoo Finance (ticker KC=F, futuro ICE)"
2025-02-07,403.25,413.95001220703125,399.95001220703125,404.3500061035156,25608,cafe_arabica_futuro,USD cents/lb,"Yahoo Finance (ticker KC=F, futuro ICE)"
2025-02-10,410.45001220703125,431.95001220703125,409.3500061035156,429.04998779296875,28480,cafe_arabica_futuro,USD cents/lb,"Yahoo Finance (ticker KC=F, futuro ICE)"
2025-02-11,433.8500061035156,437.95001220703125,409.5,413.45001220703125,24827,cafe_arabica_futuro,USD cents/lb,"Yahoo Finance (ticker KC=F, futuro ICE)"
2025-02-12,416.0,432.8999938964844,414.6499938964844,431.79998779296875,26179,cafe_arabica_futuro,USD cents/lb,"Yahoo Finance (ticker KC=F, futuro ICE)"
2025-02-13,429.0,440.8500061035156,424.04998779296875,438.8999938964844,14700,cafe_arabica_futuro,USD cents/lb,"Yahoo Finance (ticker KC=F, futuro ICE)"
2025-02-14,435.3999938964844,438.1499938964844,411.6000061035156,419.75,10449,cafe_arabica_futuro,USD cents/lb,"Yahoo Finance (ticker KC=F, futuro ICE)"
2025-02-18,421.0,424.0,405.6000061035156,419.0,13370,cafe_arabica_futuro,USD cents/lb,"Yahoo Finance (ticker KC=F, futuro ICE)"
2025-02-19,423.95001220703125,434.1000061035156,414.0,417.8999938964844,6705,cafe_arabica_futuro,USD cents/lb,"Yahoo Finance (ticker KC=F, futuro ICE)"
2025-02-20,417.8999938964844,417.8999938964844,395.0,395.75,677,cafe_arabica_futuro,USD cents/lb,"Yahoo Finance (ticker KC=F, futuro ICE)"
2025-02-21,395.75,405.5,395.0,400.0,68,cafe_arabica_futuro,USD cents/lb,"Yahoo Finance (ticker KC=F, futuro ICE)"
2025-02-24,394.8999938964844,399.29998779296875,393.70001220703125,393.79998779296875,72,cafe_arabica_futuro,USD cents/lb,"Yahoo Finance (ticker KC=F, futuro ICE)"
2025-02-25,392.20001220703125,393.20001220703125,378.1000061035156,380.5,191,cafe_arabica_futuro,USD cents/lb,"Yahoo Finance (ticker KC=F, futuro ICE)"
2025-02-26,377.04998779296875,381.1000061035156,374.54998779296875,379.45001220703125,33,cafe_arabica_futuro,USD cents/lb,"Yahoo Finance (ticker KC=F, futuro ICE)"
2025-02-27,378.0,378.0,377.79998779296875,378.75,12,cafe_arabica_futuro,USD cents/lb,"Yahoo Finance (ticker KC=F, futuro ICE)"
2025-02-28,382.04998779296875,382.1499938964844,379.3500061035156,379.04998779296875,24,cafe_arabica_futuro,USD cents/lb,"Yahoo Finance (ticker KC=F, futuro ICE)"
2025-03-03,385.5,390.8500061035156,385.5,392.70001220703125,11,cafe_arabica_futuro,USD cents/lb,"Yahoo Finance (ticker KC=F, futuro ICE)"
2025-03-04,391.8500061035156,404.75,391.8500061035156,403.75,19,cafe_arabica_futuro,USD cents/lb,"Yahoo Finance (ticker KC=F, futuro ICE)"
2025-03-05,412.70001220703125,421.79998779296875,412.3500061035156,415.5,10,cafe_arabica_futuro,USD cents/lb,"Yahoo Finance (ticker KC=F, futuro ICE)"
2025-03-06,413.45001220703125,413.45001220703125,409.5,393.0,4,cafe_arabica_futuro,USD cents/lb,"Yahoo Finance (ticker KC=F, futuro ICE)"
2025-03-07,390.20001220703125,390.20001220703125,390.20001220703125,390.20001220703125,11,cafe_arabica_futuro,USD cents/lb,"Yahoo Finance (ticker KC=F, futuro ICE)"
2025-03-10,394.8999938964844,394.8999938964844,394.8999938964844,389.3500061035156,4,cafe_arabica_futuro,USD cents/lb,"Yahoo Finance (ticker KC=F, futuro ICE)"
2025-03-11,395.6000061035156,400.1499938964844,395.6000061035156,399.45001220703125,9,cafe_arabica_futuro,USD cents/lb,"Yahoo Finance (ticker KC=F, futuro ICE)"
2025-03-12,392.20001220703125,392.20001220703125,392.20001220703125,392.20001220703125,5,cafe_arabica_futuro,USD cents/lb,"Yahoo Finance (ticker KC=F, futuro ICE)"
2025-03-13,391.70001220703125,391.70001220703125,391.70001220703125,390.6000061035156,48,cafe_arabica_futuro,USD cents/lb,"Yahoo Finance (ticker KC=F, futuro ICE)"
2025-03-14,382.1000061035156,382.1000061035156,382.1000061035156,382.1000061035156,1,cafe_arabica_futuro,USD cents/lb,"Yahoo Finance (ticker KC=F, futuro ICE)"
2025-03-17,382.75,382.75,382.75,389.3500061035156,12,cafe_arabica_futuro,USD cents/lb,"Yahoo Finance (ticker KC=F, futuro ICE)"
2025-03-18,386.0,391.95001220703125,383.70001220703125,387.1499938964844,22,cafe_arabica_futuro,USD cents/lb,"Yahoo Finance (ticker KC=F, futuro ICE)"
2025-03-19,394.1499938964844,394.1499938964844,394.1000061035156,394.6000061035156,12747,cafe_arabica_futuro,USD cents/lb,"Yahoo Finance (ticker KC=F, futuro ICE)"
2025-03-20,389.29998779296875,397.6000061035156,386.04998779296875,392.1499938964844,14036,cafe_arabica_futuro,USD cents/lb,"Yahoo Finance (ticker KC=F, futuro ICE)"
2025-03-21,392.0,395.75,386.5,391.3999938964844,12375,cafe_arabica_futuro,USD cents/lb,"Yahoo Finance (ticker KC=F, futuro ICE)"
2025-03-24,391.45001220703125,402.3999938964844,390.6000061035156,393.3999938964844,13306,cafe_arabica_futuro,USD cents/lb,"Yahoo Finance (ticker KC=F, futuro ICE)"
2025-03-25,393.45001220703125,401.0,392.1000061035156,398.54998779296875,12354,cafe_arabica_futuro,USD cents/lb,"Yahoo Finance (ticker KC=F, futuro ICE)"
2025-03-26,400.0,405.3999938964844,388.54998779296875,392.0,14383,cafe_arabica_futuro,USD cents/lb,"Yahoo Finance (ticker KC=F, futuro ICE)"
2025-03-27,392.0,392.1000061035156,375.6000061035156,378.79998779296875,21790,cafe_arabica_futuro,USD cents/lb,"Yahoo Finance (ticker KC=F, futuro ICE)"
2025-03-28,380.79998779296875,384.79998779296875,377.54998779296875,379.95001220703125,15500,cafe_arabica_futuro,USD cents/lb,"Yahoo Finance (ticker KC=F, futuro ICE)"
2025-03-31,380.0,386.3999938964844,378.54998779296875,379.75,14167,cafe_arabica_futuro,USD cents/lb,"Yahoo Finance (ticker KC=F, futuro ICE)"
2025-04-01,379.25,391.45001220703125,372.25,389.04998779296875,18430,cafe_arabica_futuro,USD cents/lb,"Yahoo Finance (ticker KC=F, futuro ICE)"
2025-04-02,389.04998779296875,393.70001220703125,382.1499938964844,388.8500061035156,13885,cafe_arabica_futuro,USD cents/lb,"Yahoo Finance (ticker KC=F, futuro ICE)"
2025-04-03,386.3999938964844,391.0,376.8999938964844,385.25,16445,cafe_arabica_futuro,USD cents/lb,"Yahoo Finance (ticker KC=F, futuro ICE)"
2025-04-04,386.54998779296875,389.3500061035156,364.8999938964844,365.70001220703125,24921,cafe_arabica_futuro,USD cents/lb,"Yahoo Finance (ticker KC=F, futuro ICE)"
2025-04-07,362.5,364.5,338.6000061035156,344.79998779296875,37079,cafe_arabica_futuro,USD cents/lb,"Yahoo Finance (ticker KC=F, futuro ICE)"
2025-04-08,345.0,350.1499938964844,340.5,342.8999938964844,25850,cafe_arabica_futuro,USD cents/lb,"Yahoo Finance (ticker KC=F, futuro ICE)"
2025-04-09,341.1499938964844,353.75,325.20001220703125,341.70001220703125,28737,cafe_arabica_futuro,USD cents/lb,"Yahoo Finance (ticker KC=F, futuro ICE)"
2025-04-10,360.1000061035156,361.5,342.1499938964844,342.8500061035156,20192,cafe_arabica_futuro,USD cents/lb,"Yahoo Finance (ticker KC=F, futuro ICE)"
2025-04-11,345.95001220703125,360.70001220703125,341.6000061035156,357.70001220703125,23345,cafe_arabica_futuro,USD cents/lb,"Yahoo Finance (ticker KC=F, futuro ICE)"
2025-04-14,361.5,365.45001220703125,354.0,360.3999938964844,9191,cafe_arabica_futuro,USD cents/lb,"Yahoo Finance (ticker KC=F, futuro ICE)"
2025-04-15,362.8999938964844,372.1499938964844,362.70001220703125,369.3999938964844,10062,cafe_arabica_futuro,USD cents/lb,"Yahoo Finance (ticker KC=F, futuro ICE)"
2025-04-16,367.8999938964844,379.20001220703125,364.1000061035156,376.04998779296875,4806,cafe_arabica_futuro,USD cents/lb,"Yahoo Finance (ticker KC=F, futuro ICE)"
2025-04-17,378.6000061035156,380.8999938964844,370.0,375.5,0,cafe_arabica_futuro,USD cents/lb,"Yahoo Finance (ticker KC=F, futuro ICE)"
2025-04-21,374.5,379.0,364.3999938964844,366.79998779296875,3557,cafe_arabica_futuro,USD cents/lb,"Yahoo Finance (ticker KC=F, futuro ICE)"
2025-04-22,369.5,381.0,366.79998779296875,377.6499938964844,204,cafe_arabica_futuro,USD cents/lb,"Yahoo Finance (ticker KC=F, futuro ICE)"
2025-04-23,382.29998779296875,386.04998779296875,382.0,392.3999938964844,71,cafe_arabica_futuro,USD cents/lb,"Yahoo Finance (ticker KC=F, futuro ICE)"
2025-04-24,393.95001220703125,409.04998779296875,393.95001220703125,408.0,216,cafe_arabica_futuro,USD cents/lb,"Yahoo Finance (ticker KC=F, futuro ICE)"
2025-04-25,407.45001220703125,407.45001220703125,407.45001220703125,408.25,29,cafe_arabica_futuro,USD cents/lb,"Yahoo Finance (ticker KC=F, futuro ICE)"
2025-04-28,407.20001220703125,422.3999938964844,407.20001220703125,421.54998779296875,96,cafe_arabica_futuro,USD cents/lb,"Yahoo Finance (ticker KC=F, futuro ICE)"
2025-04-29,426.0,427.79998779296875,410.75,412.6499938964844,16,cafe_arabica_futuro,USD cents/lb,"Yahoo Finance (ticker KC=F, futuro ICE)"
2025-04-30,413.6000061035156,413.6000061035156,413.6000061035156,413.6000061035156,0,cafe_arabica_futuro,USD cents/lb,"Yahoo Finance (ticker KC=F, futuro ICE)"
2025-05-01,399.8999938964844,399.8999938964844,399.8999938964844,395.70001220703125,1,cafe_arabica_futuro,USD cents/lb,"Yahoo Finance (ticker KC=F, futuro ICE)"
2025-05-02,395.3999938964844,395.3999938964844,395.3999938964844,395.3999938964844,0,cafe_arabica_futuro,USD cents/lb,"Yahoo Finance (ticker KC=F, futuro ICE)"
2025-05-05,395.0,395.0,395.0,398.95001220703125,1,cafe_arabica_futuro,USD cents/lb,"Yahoo Finance (ticker KC=F, futuro ICE)"
2025-05-06,404.20001220703125,404.20001220703125,404.20001220703125,401.1000061035156,13,cafe_arabica_futuro,USD cents/lb,"Yahoo Finance (ticker KC=F, futuro ICE)"
2025-05-07,396.5,396.5,396.5,396.20001220703125,22,cafe_arabica_futuro,USD cents/lb,"Yahoo Finance (ticker KC=F, futuro ICE)"
2025-05-08,397.79998779296875,397.79998779296875,397.79998779296875,397.79998779296875,14,cafe_arabica_futuro,USD cents/lb,"Yahoo Finance (ticker KC=F, futuro ICE)"
2025-05-09,398.5,398.5,398.5,397.1499938964844,8,cafe_arabica_futuro,USD cents/lb,"Yahoo Finance (ticker KC=F, futuro ICE)"
2025-05-12,382.45001220703125,382.45001220703125,382.45001220703125,382.45001220703125,0,cafe_arabica_futuro,USD cents/lb,"Yahoo Finance (ticker KC=F, futuro ICE)"
2025-05-13,380.0,380.0,380.0,384.8500061035156,25,cafe_arabica_futuro,USD cents/lb,"Yahoo Finance (ticker KC=F, futuro ICE)"
2025-05-14,378.75,378.75,373.75,373.95001220703125,31,cafe_arabica_futuro,USD cents/lb,"Yahoo Finance (ticker KC=F, futuro ICE)"
2025-05-15,375.0,383.0,375.0,384.95001220703125,20,cafe_arabica_futuro,USD cents/lb,"Yahoo Finance (ticker KC=F, futuro ICE)"
2025-05-16,384.1499938964844,384.1499938964844,375.6499938964844,376.25,112,cafe_arabica_futuro,USD cents/lb,"Yahoo Finance (ticker KC=F, futuro ICE)"
2025-05-19,377.8500061035156,378.54998779296875,377.8500061035156,376.1499938964844,10983,cafe_arabica_futuro,USD cents/lb,"Yahoo Finance (ticker KC=F, futuro ICE)"
2025-05-20,374.0,379.25,368.20001220703125,369.29998779296875,9934,cafe_arabica_futuro,USD cents/lb,"Yahoo Finance (ticker KC=F, futuro ICE)"
2025-05-21,370.0,375.20001220703125,366.3999938964844,370.29998779296875,7625,cafe_arabica_futuro,USD cents/lb,"Yahoo Finance (ticker KC=F, futuro ICE)"
2025-05-22,368.45001220703125,368.45001220703125,359.20001220703125,360.75,14747,cafe_arabica_futuro,USD cents/lb,"Yahoo Finance (ticker KC=F, futuro ICE)"
2025-05-23,361.70001220703125,363.0,355.25,361.0,0,cafe_arabica_futuro,USD cents/lb,"Yahoo Finance (ticker KC=F, futuro ICE)"
2025-05-27,359.1000061035156,364.8500061035156,355.54998779296875,361.70001220703125,12122,cafe_arabica_futuro,USD cents/lb,"Yahoo Finance (ticker KC=F, futuro ICE)"
2025-05-28,359.20001220703125,360.04998779296875,350.1499938964844,351.95001220703125,15417,cafe_arabica_futuro,USD cents/lb,"Yahoo Finance (ticker KC=F, futuro ICE)"
2025-05-29,352.95001220703125,357.29998779296875,347.1499938964844,348.3999938964844,13380,cafe_arabica_futuro,USD cents/lb,"Yahoo Finance (ticker KC=F, futuro ICE)"
2025-05-30,348.6000061035156,351.0,341.20001220703125,342.45001220703125,14944,cafe_arabica_futuro,USD cents/lb,"Yahoo Finance (ticker KC=F, futuro ICE)"
2025-06-02,340.3999938964844,347.25,338.45001220703125,344.45001220703125,16733,cafe_arabica_futuro,USD cents/lb,"Yahoo Finance (ticker KC=F, futuro ICE)"
2025-06-03,342.25,344.04998779296875,336.54998779296875,340.8500061035156,13971,cafe_arabica_futuro,USD cents/lb,"Yahoo Finance (ticker KC=F, futuro ICE)"
2025-06-04,340.8500061035156,347.70001220703125,339.54998779296875,346.1499938964844,12780,cafe_arabica_futuro,USD cents/lb,"Yahoo Finance (ticker KC=F, futuro ICE)"
2025-06-05,348.1499938964844,361.6499938964844,347.54998779296875,359.75,20188,cafe_arabica_futuro,USD cents/lb,"Yahoo Finance (ticker KC=F, futuro ICE)"
2025-06-06,362.25,376.3999938964844,356.29998779296875,358.04998779296875,25705,cafe_arabica_futuro,USD cents/lb,"Yahoo Finance (ticker KC=F, futuro ICE)"
2025-06-09,357.8500061035156,364.45001220703125,355.04998779296875,361.54998779296875,16962,cafe_arabica_futuro,USD cents/lb,"Yahoo Finance (ticker KC=F, futuro ICE)"
2025-06-10,362.04998779296875,372.5,353.70001220703125,355.04998779296875,23070,cafe_arabica_futuro,USD cents/lb,"Yahoo Finance (ticker KC=F, futuro ICE)"
2025-06-11,355.5,358.5,349.3999938964844,350.6499938964844,14161,cafe_arabica_futuro,USD cents/lb,"Yahoo Finance (ticker KC=F, futuro ICE)"
2025-06-12,349.5,352.0,345.45001220703125,347.79998779296875,16748,cafe_arabica_futuro,USD cents/lb,"Yahoo Finance (ticker KC=F, futuro ICE)"
2025-06-13,345.0,351.54998779296875,338.04998779296875,349.70001220703125,11113,cafe_arabica_futuro,USD cents/lb,"Yahoo Finance (ticker KC=F, futuro ICE)"
2025-06-16,350.5,353.79998779296875,342.8500061035156,343.95001220703125,6074,cafe_arabica_futuro,USD cents/lb,"Yahoo Finance (ticker KC=F, futuro ICE)"
2025-06-17,347.04998779296875,348.5,334.29998779296875,335.8500061035156,5049,cafe_arabica_futuro,USD cents/lb,"Yahoo Finance (ticker KC=F, futuro ICE)"
2025-06-18,334.75,335.20001220703125,316.45001220703125,324.8999938964844,0,cafe_arabica_futuro,USD cents/lb,"Yahoo Finance (ticker KC=F, futuro ICE)"
2025-06-20,324.54998779296875,329.8500061035156,316.95001220703125,319.04998779296875,374,cafe_arabica_futuro,USD cents/lb,"Yahoo Finance (ticker KC=F, futuro ICE)"
2025-06-23,320.04998779296875,330.0,320.04998779296875,330.29998779296875,37,cafe_arabica_futuro,USD cents/lb,"Yahoo Finance (ticker KC=F, futuro ICE)"
2025-06-24,323.75,325.54998779296875,317.75,315.3500061035156,206,cafe_arabica_futuro,USD cents/lb,"Yahoo Finance (ticker KC=F, futuro ICE)"
2025-06-25,325.25,325.25,315.0,308.6499938964844,34,cafe_arabica_futuro,USD cents/lb,"Yahoo Finance (ticker KC=F, futuro ICE)"
2025-06-26,309.5,309.5,309.5,309.5,1,cafe_arabica_futuro,USD cents/lb,"Yahoo Finance (ticker KC=F, futuro ICE)"
2025-06-27,307.0,307.0,300.5,309.8999938964844,57,cafe_arabica_futuro,USD cents/lb,"Yahoo Finance (ticker KC=F, futuro ICE)"
2025-06-30,308.6499938964844,308.6499938964844,305.3500061035156,306.75,57,cafe_arabica_futuro,USD cents/lb,"Yahoo Finance (ticker KC=F, futuro ICE)"
2025-07-01,306.6000061035156,306.6000061035156,299.25,298.8500061035156,75,cafe_arabica_futuro,USD cents/lb,"Yahoo Finance (ticker KC=F, futuro ICE)"
2025-07-02,295.0,295.0,286.5,297.95001220703125,9,cafe_arabica_futuro,USD cents/lb,"Yahoo Finance (ticker KC=F, futuro ICE)"
2025-07-03,292.6499938964844,292.6499938964844,292.6499938964844,292.6499938964844,0,cafe_arabica_futuro,USD cents/lb,"Yahoo Finance (ticker KC=F, futuro ICE)"
2025-07-04,292.6499938964844,292.6499938964844,292.6499938964844,292.6499938964844,0,cafe_arabica_futuro,USD cents/lb,"Yahoo Finance (ticker KC=F, futuro ICE)"
2025-07-07,285.70001220703125,285.70001220703125,285.70001220703125,280.04998779296875,34,cafe_arabica_futuro,USD cents/lb,"Yahoo Finance (ticker KC=F, futuro ICE)"
2025-07-08,287.3999938964844,287.3999938964844,287.3999938964844,287.3999938964844,0,cafe_arabica_futuro,USD cents/lb,"Yahoo Finance (ticker KC=F, futuro ICE)"
2025-07-09,285.8500061035156,285.8500061035156,285.8500061035156,285.8500061035156,0,cafe_arabica_futuro,USD cents/lb,"Yahoo Finance (ticker KC=F, futuro ICE)"
2025-07-10,289.8999938964844,289.8999938964844,289.8999938964844,289.8999938964844,0,cafe_arabica_futuro,USD cents/lb,"Yahoo Finance (ticker KC=F, futuro ICE)"
2025-07-11,288.6000061035156,288.6000061035156,288.6000061035156,288.6000061035156,0,cafe_arabica_futuro,USD cents/lb,"Yahoo Finance (ticker KC=F, futuro ICE)"
2025-07-14,305.70001220703125,305.70001220703125,305.70001220703125,305.70001220703125,12,cafe_arabica_futuro,USD cents/lb,"Yahoo Finance (ticker KC=F, futuro ICE)"
2025-07-15,301.6000061035156,301.6000061035156,301.6000061035156,301.6000061035156,95,cafe_arabica_futuro,USD cents/lb,"Yahoo Finance (ticker KC=F, futuro ICE)"
2025-07-16,312.54998779296875,312.54998779296875,312.54998779296875,314.54998779296875,12,cafe_arabica_futuro,USD cents/lb,"Yahoo Finance (ticker KC=F, futuro ICE)"
2025-07-17,312.5,312.5,312.5,312.5,0,cafe_arabica_futuro,USD cents/lb,"Yahoo Finance (ticker KC=F, futuro ICE)"
2025-07-18,308.8999938964844,308.8999938964844,308.8999938964844,308.8999938964844,0,cafe_arabica_futuro,USD cents/lb,"Yahoo Finance (ticker KC=F, futuro ICE)"
2025-07-21,297.25,297.25,297.25,297.25,13129,cafe_arabica_futuro,USD cents/lb,"Yahoo Finance (ticker KC=F, futuro ICE)"
2025-07-22,291.95001220703125,298.54998779296875,285.75,296.3500061035156,11505,cafe_arabica_futuro,USD cents/lb,"Yahoo Finance (ticker KC=F, futuro ICE)"
2025-07-23,297.8999938964844,302.5,292.8500061035156,301.3500061035156,10603,cafe_arabica_futuro,USD cents/lb,"Yahoo Finance (ticker KC=F, futuro ICE)"
2025-07-24,299.25,307.20001220703125,298.45001220703125,304.8500061035156,10893,cafe_arabica_futuro,USD cents/lb,"Yahoo Finance (ticker KC=F, futuro ICE)"
2025-07-25,305.0,307.45001220703125,297.25,297.54998779296875,10081,cafe_arabica_futuro,USD cents/lb,"Yahoo Finance (ticker KC=F, futuro ICE)"
2025-07-28,300.0,306.0,298.79998779296875,301.70001220703125,12052,cafe_arabica_futuro,USD cents/lb,"Yahoo Finance (ticker KC=F, futuro ICE)"
2025-07-29,301.25,301.75,288.95001220703125,296.5,15267,cafe_arabica_futuro,USD cents/lb,"Yahoo Finance (ticker KC=F, futuro ICE)"
2025-07-30,297.6499938964844,301.79998779296875,290.54998779296875,293.3999938964844,12568,cafe_arabica_futuro,USD cents/lb,"Yahoo Finance (ticker KC=F, futuro ICE)"
2025-07-31,297.0,303.6000061035156,294.04998779296875,295.79998779296875,12201,cafe_arabica_futuro,USD cents/lb,"Yahoo Finance (ticker KC=F, futuro ICE)"
2025-08-01,294.1000061035156,297.04998779296875,283.6499938964844,284.20001220703125,15428,cafe_arabica_futuro,USD cents/lb,"Yahoo Finance (ticker KC=F, futuro ICE)"
2025-08-04,287.1000061035156,294.04998779296875,286.04998779296875,288.54998779296875,13105,cafe_arabica_futuro,USD cents/lb,"Yahoo Finance (ticker KC=F, futuro ICE)"
2025-08-05,289.25,299.6000061035156,288.04998779296875,298.70001220703125,16402,cafe_arabica_futuro,USD cents/lb,"Yahoo Finance (ticker KC=F, futuro ICE)"
2025-08-06,297.54998779296875,300.1499938964844,292.04998779296875,293.3999938964844,14569,cafe_arabica_futuro,USD cents/lb,"Yahoo Finance (ticker KC=F, futuro ICE)"
2025-08-07,297.20001220703125,299.3500061035156,292.5,297.79998779296875,18683,cafe_arabica_futuro,USD cents/lb,"Yahoo Finance (ticker KC=F, futuro ICE)"
2025-08-08,297.79998779296875,309.95001220703125,297.79998779296875,309.3500061035156,27797,cafe_arabica_futuro,USD cents/lb,"Yahoo Finance (ticker KC=F, futuro ICE)"
2025-08-11,307.0,324.45001220703125,305.79998779296875,320.70001220703125,22876,cafe_arabica_futuro,USD cents/lb,"Yahoo Finance (ticker KC=F, futuro ICE)"
2025-08-12,320.8999938964844,327.0,310.6499938964844,315.1499938964844,11677,cafe_arabica_futuro,USD cents/lb,"Yahoo Finance (ticker KC=F, futuro ICE)"
2025-08-13,317.3500061035156,324.3999938964844,316.0,319.6000061035156,10269,cafe_arabica_futuro,USD cents/lb,"Yahoo Finance (ticker KC=F, futuro ICE)"
2025-08-14,319.45001220703125,328.5,315.5,326.5,9471,cafe_arabica_futuro,USD cents/lb,"Yahoo Finance (ticker KC=F, futuro ICE)"
2025-08-15,329.1000061035156,344.29998779296875,326.1499938964844,341.6499938964844,7499,cafe_arabica_futuro,USD cents/lb,"Yahoo Finance (ticker KC=F, futuro ICE)"
2025-08-18,341.6499938964844,346.8999938964844,333.3999938964844,343.6000061035156,5656,cafe_arabica_futuro,USD cents/lb,"Yahoo Finance (ticker KC=F, futuro ICE)"
2025-08-19,345.45001220703125,359.1000061035156,345.3999938964844,356.20001220703125,6196,cafe_arabica_futuro,USD cents/lb,"Yahoo Finance (ticker KC=F, futuro ICE)"
2025-08-20,358.6000061035156,364.70001220703125,352.75,360.25,6369,cafe_arabica_futuro,USD cents/lb,"Yahoo Finance (ticker KC=F, futuro ICE)"
2025-08-21,360.0,378.0,358.95001220703125,375.25,257,cafe_arabica_futuro,USD cents/lb,"Yahoo Finance (ticker KC=F, futuro ICE)"
2025-08-22,380.3500061035156,391.3500061035156,378.0,390.6499938964844,87,cafe_arabica_futuro,USD cents/lb,"Yahoo Finance (ticker KC=F, futuro ICE)"
2025-08-25,388.5,398.79998779296875,388.5,389.95001220703125,30,cafe_arabica_futuro,USD cents/lb,"Yahoo Finance (ticker KC=F, futuro ICE)"
2025-08-26,388.3999938964844,388.3999938964844,376.5,384.04998779296875,55,cafe_arabica_futuro,USD cents/lb,"Yahoo Finance (ticker KC=F, futuro ICE)"
2025-08-27,379.0,397.1000061035156,379.0,393.79998779296875,79,cafe_arabica_futuro,USD cents/lb,"Yahoo Finance (ticker KC=F, futuro ICE)"
2025-08-28,394.6499938964844,400.79998779296875,387.29998779296875,387.75,81,cafe_arabica_futuro,USD cents/lb,"Yahoo Finance (ticker KC=F, futuro ICE)"
2025-08-29,384.0,398.04998779296875,384.0,396.8500061035156,0,cafe_arabica_futuro,USD cents/lb,"Yahoo Finance (ticker KC=F, futuro ICE)"
2025-09-02,380.0,386.1000061035156,378.5,382.20001220703125,12,cafe_arabica_futuro,USD cents/lb,"Yahoo Finance (ticker KC=F, futuro ICE)"
2025-09-03,383.20001220703125,389.29998779296875,383.20001220703125,385.25,6,cafe_arabica_futuro,USD cents/lb,"Yahoo Finance (ticker KC=F, futuro ICE)"
2025-09-04,384.0,386.8999938964844,384.0,385.75,11,cafe_arabica_futuro,USD cents/lb,"Yahoo Finance (ticker KC=F, futuro ICE)"
2025-09-05,381.70001220703125,386.3999938964844,381.70001220703125,385.6000061035156,16,cafe_arabica_futuro,USD cents/lb,"Yahoo Finance (ticker KC=F, futuro ICE)"
2025-09-08,386.0,399.75,385.25,397.79998779296875,16,cafe_arabica_futuro,USD cents/lb,"Yahoo Finance (ticker KC=F, futuro ICE)"
2025-09-09,403.75,403.75,393.0,393.0,10,cafe_arabica_futuro,USD cents/lb,"Yahoo Finance (ticker KC=F, futuro ICE)"
2025-09-10,397.70001220703125,399.3500061035156,397.54998779296875,401.0,12,cafe_arabica_futuro,USD cents/lb,"Yahoo Finance (ticker KC=F, futuro ICE)"
2025-09-11,399.8999938964844,400.5,399.8999938964844,400.04998779296875,14,cafe_arabica_futuro,USD cents/lb,"Yahoo Finance (ticker KC=F, futuro ICE)"
2025-09-12,410.6499938964844,410.6499938964844,410.6499938964844,410.6499938964844,0,cafe_arabica_futuro,USD cents/lb,"Yahoo Finance (ticker KC=F, futuro ICE)"
2025-09-15,422.8999938964844,425.1499938964844,422.8999938964844,432.3500061035156,24,cafe_arabica_futuro,USD cents/lb,"Yahoo Finance (ticker KC=F, futuro ICE)"
2025-09-16,428.70001220703125,431.29998779296875,422.0,422.25,20,cafe_arabica_futuro,USD cents/lb,"Yahoo Finance (ticker KC=F, futuro ICE)"
2025-09-17,388.54998779296875,388.54998779296875,388.54998779296875,388.54998779296875,1,cafe_arabica_futuro,USD cents/lb,"Yahoo Finance (ticker KC=F, futuro ICE)"
2025-09-18,385.8500061035156,385.8500061035156,385.8500061035156,385.8500061035156,18176,cafe_arabica_futuro,USD cents/lb,"Yahoo Finance (ticker KC=F, futuro ICE)"
2025-09-19,381.79998779296875,384.3999938964844,356.25,366.5,25299,cafe_arabica_futuro,USD cents/lb,"Yahoo Finance (ticker KC=F, futuro ICE)"
2025-09-22,369.20001220703125,370.1499938964844,360.54998779296875,367.3500061035156,12986,cafe_arabica_futuro,USD cents/lb,"Yahoo Finance (ticker KC=F, futuro ICE)"
2025-09-23,365.5,368.8500061035156,349.45001220703125,350.1499938964844,25338,cafe_arabica_futuro,USD cents/lb,"Yahoo Finance (ticker KC=F, futuro ICE)"
2025-09-24,351.8999938964844,368.75,350.95001220703125,367.75,18066,cafe_arabica_futuro,USD cents/lb,"Yahoo Finance (ticker KC=F, futuro ICE)"
2025-09-25,371.5,378.3999938964844,361.25,371.3500061035156,14512,cafe_arabica_futuro,USD cents/lb,"Yahoo Finance (ticker KC=F, futuro ICE)"
2025-09-26,375.0,384.0,372.6000061035156,378.04998779296875,14478,cafe_arabica_futuro,USD cents/lb,"Yahoo Finance (ticker KC=F, futuro ICE)"
2025-09-29,381.04998779296875,388.29998779296875,370.29998779296875,372.20001220703125,14283,cafe_arabica_futuro,USD cents/lb,"Yahoo Finance (ticker KC=F, futuro ICE)"
2025-09-30,373.20001220703125,380.70001220703125,370.5,374.8500061035156,13057,cafe_arabica_futuro,USD cents/lb,"Yahoo Finance (ticker KC=F, futuro ICE)"
2025-10-01,372.3500061035156,384.6000061035156,366.6000061035156,383.8999938964844,13230,cafe_arabica_futuro,USD cents/lb,"Yahoo Finance (ticker KC=F, futuro ICE)"
2025-10-02,385.25,386.20001220703125,375.1000061035156,378.1000061035156,8361,cafe_arabica_futuro,USD cents/lb,"Yahoo Finance (ticker KC=F, futuro ICE)"
2025-10-03,383.25,392.3500061035156,381.04998779296875,390.75,12450,cafe_arabica_futuro,USD cents/lb,"Yahoo Finance (ticker KC=F, futuro ICE)"
2025-10-06,384.8999938964844,390.3500061035156,377.5,381.3500061035156,13524,cafe_arabica_futuro,USD cents/lb,"Yahoo Finance (ticker KC=F, futuro ICE)"
2025-10-07,381.6000061035156,382.29998779296875,372.1499938964844,375.3999938964844,12068,cafe_arabica_futuro,USD cents/lb,"Yahoo Finance (ticker KC=F, futuro ICE)"
2025-10-08,376.8500061035156,386.20001220703125,373.95001220703125,385.1000061035156,12511,cafe_arabica_futuro,USD cents/lb,"Yahoo Finance (ticker KC=F, futuro ICE)"
2025-10-09,385.5,387.95001220703125,376.70001220703125,377.25,10116,cafe_arabica_futuro,USD cents/lb,"Yahoo Finance (ticker KC=F, futuro ICE)"
2025-10-10,376.79998779296875,382.8500061035156,370.6000061035156,373.04998779296875,12380,cafe_arabica_futuro,USD cents/lb,"Yahoo Finance (ticker KC=F, futuro ICE)"
2025-10-13,373.20001220703125,387.1000061035156,373.20001220703125,385.20001220703125,12110,cafe_arabica_futuro,USD cents/lb,"Yahoo Finance (ticker KC=F, futuro ICE)"
2025-10-14,383.3500061035156,405.25,381.3999938964844,399.6499938964844,20989,cafe_arabica_futuro,USD cents/lb,"Yahoo Finance (ticker KC=F, futuro ICE)"
2025-10-15,399.70001220703125,418.5,390.1499938964844,394.8999938964844,21015,cafe_arabica_futuro,USD cents/lb,"Yahoo Finance (ticker KC=F, futuro ICE)"
2025-10-16,388.8500061035156,404.04998779296875,385.75,393.79998779296875,13004,cafe_arabica_futuro,USD cents/lb,"Yahoo Finance (ticker KC=F, futuro ICE)"
2025-10-17,392.95001220703125,401.8999938964844,386.25,397.45001220703125,14466,cafe_arabica_futuro,USD cents/lb,"Yahoo Finance (ticker KC=F, futuro ICE)"
2025-10-20,401.29998779296875,410.04998779296875,401.29998779296875,406.04998779296875,10302,cafe_arabica_futuro,USD cents/lb,"Yahoo Finance (ticker KC=F, futuro ICE)"
2025-10-21,404.20001220703125,415.0,402.20001220703125,413.54998779296875,11818,cafe_arabica_futuro,USD cents/lb,"Yahoo Finance (ticker KC=F, futuro ICE)"
2025-10-22,416.0,427.0,413.75,420.8500061035156,16422,cafe_arabica_futuro,USD cents/lb,"Yahoo Finance (ticker KC=F, futuro ICE)"
2025-10-23,422.8999938964844,437.95001220703125,408.0,410.1499938964844,21413,cafe_arabica_futuro,USD cents/lb,"Yahoo Finance (ticker KC=F, futuro ICE)"
2025-10-24,411.04998779296875,414.29998779296875,399.95001220703125,403.0,13968,cafe_arabica_futuro,USD cents/lb,"Yahoo Finance (ticker KC=F, futuro ICE)"
2025-10-27,397.0,400.6499938964844,388.3999938964844,390.1000061035156,0,cafe_arabica_futuro,USD cents/lb,"Yahoo Finance (ticker KC=F, futuro ICE)"
2025-10-28,390.0,395.0,380.3999938964844,387.8999938964844,16872,cafe_arabica_futuro,USD cents/lb,"Yahoo Finance (ticker KC=F, futuro ICE)"
2025-10-29,390.8500061035156,392.45001220703125,382.1499938964844,390.70001220703125,13190,cafe_arabica_futuro,USD cents/lb,"Yahoo Finance (ticker KC=F, futuro ICE)"
2025-10-30,394.70001220703125,394.70001220703125,382.8500061035156,392.0,12546,cafe_arabica_futuro,USD cents/lb,"Yahoo Finance (ticker KC=F, futuro ICE)"
2025-10-31,393.54998779296875,396.6000061035156,385.0,392.04998779296875,10840,cafe_arabica_futuro,USD cents/lb,"Yahoo Finance (ticker KC=F, futuro ICE)"
2025-11-03,392.75,409.3999938964844,392.75,406.6499938964844,15572,cafe_arabica_futuro,USD cents/lb,"Yahoo Finance (ticker KC=F, futuro ICE)"
2025-11-04,408.04998779296875,415.95001220703125,403.20001220703125,405.25,13464,cafe_arabica_futuro,USD cents/lb,"Yahoo Finance (ticker KC=F, futuro ICE)"
2025-11-05,403.3500061035156,418.04998779296875,403.0,413.6000061035156,19192,cafe_arabica_futuro,USD cents/lb,"Yahoo Finance (ticker KC=F, futuro ICE)"
2025-11-06,415.5,416.25,395.75,396.75,18050,cafe_arabica_futuro,USD cents/lb,"Yahoo Finance (ticker KC=F, futuro ICE)"
2025-11-07,399.04998779296875,412.6499938964844,393.6499938964844,407.79998779296875,20882,cafe_arabica_futuro,USD cents/lb,"Yahoo Finance (ticker KC=F, futuro ICE)"
2025-11-10,408.29998779296875,416.54998779296875,406.5,414.75,18276,cafe_arabica_futuro,USD cents/lb,"Yahoo Finance (ticker KC=F, futuro ICE)"
2025-11-11,414.75,423.95001220703125,410.70001220703125,422.70001220703125,15234,cafe_arabica_futuro,USD cents/lb,"Yahoo Finance (ticker KC=F, futuro ICE)"
2025-11-12,416.0,420.54998779296875,400.6000061035156,403.6499938964844,24214,cafe_arabica_futuro,USD cents/lb,"Yahoo Finance (ticker KC=F, futuro ICE)"
2025-11-13,402.25,405.25,398.29998779296875,401.70001220703125,9691,cafe_arabica_futuro,USD cents/lb,"Yahoo Finance (ticker KC=F, futuro ICE)"
2025-11-14,400.20001220703125,402.95001220703125,390.0,399.79998779296875,7812,cafe_arabica_futuro,USD cents/lb,"Yahoo Finance (ticker KC=F, futuro ICE)"
2025-11-17,403.5,407.95001220703125,395.1499938964844,402.54998779296875,7511,cafe_arabica_futuro,USD cents/lb,"Yahoo Finance (ticker KC=F, futuro ICE)"
2025-11-18,404.54998779296875,418.45001220703125,401.0,415.3500061035156,6837,cafe_arabica_futuro,USD cents/lb,"Yahoo Finance (ticker KC=F, futuro ICE)"
2025-11-19,415.3500061035156,415.3500061035156,402.95001220703125,404.5,391,cafe_arabica_futuro,USD cents/lb,"Yahoo Finance (ticker KC=F, futuro ICE)"
2025-11-20,405.79998779296875,408.29998779296875,404.5,406.5,116,cafe_arabica_futuro,USD cents/lb,"Yahoo Finance (ticker KC=F, futuro ICE)"
2025-11-21,402.04998779296875,402.04998779296875,383.5,400.0,162,cafe_arabica_futuro,USD cents/lb,"Yahoo Finance (ticker KC=F, futuro ICE)"
2025-11-24,399.8999938964844,408.54998779296875,399.8999938964844,407.45001220703125,107,cafe_arabica_futuro,USD cents/lb,"Yahoo Finance (ticker KC=F, futuro ICE)"
2025-11-25,409.20001220703125,415.04998779296875,405.0,414.20001220703125,111,cafe_arabica_futuro,USD cents/lb,"Yahoo Finance (ticker KC=F, futuro ICE)"
2025-11-26,411.95001220703125,412.3500061035156,407.54998779296875,411.5,81,cafe_arabica_futuro,USD cents/lb,"Yahoo Finance (ticker KC=F, futuro ICE)"
2025-11-28,412.5,412.5,412.3999938964844,413.0,17,cafe_arabica_futuro,USD cents/lb,"Yahoo Finance (ticker KC=F, futuro ICE)"
2025-12-01,407.04998779296875,407.20001220703125,405.95001220703125,411.5,35,cafe_arabica_futuro,USD cents/lb,"Yahoo Finance (ticker KC=F, futuro ICE)"
2025-12-02,409.45001220703125,410.45001220703125,404.79998779296875,405.54998779296875,31,cafe_arabica_futuro,USD cents/lb,"Yahoo Finance (ticker KC=F, futuro ICE)"
2025-12-03,406.95001220703125,407.3999938964844,403.70001220703125,403.75,30,cafe_arabica_futuro,USD cents/lb,"Yahoo Finance (ticker KC=F, futuro ICE)"
2025-12-04,410.0,411.1000061035156,408.75,411.95001220703125,36,cafe_arabica_futuro,USD cents/lb,"Yahoo Finance (ticker KC=F, futuro ICE)"
2025-12-05,406.20001220703125,408.29998779296875,406.20001220703125,406.25,51,cafe_arabica_futuro,USD cents/lb,"Yahoo Finance (ticker KC=F, futuro ICE)"
2025-12-08,403.3999938964844,405.6000061035156,396.25,396.04998779296875,33,cafe_arabica_futuro,USD cents/lb,"Yahoo Finance (ticker KC=F, futuro ICE)"
2025-12-09,402.75,402.75,392.25,394.20001220703125,16,cafe_arabica_futuro,USD cents/lb,"Yahoo Finance (ticker KC=F, futuro ICE)"
2025-12-10,402.79998779296875,405.0,401.95001220703125,400.79998779296875,17,cafe_arabica_futuro,USD cents/lb,"Yahoo Finance (ticker KC=F, futuro ICE)"
2025-12-11,399.6499938964844,407.45001220703125,399.6499938964844,405.45001220703125,5,cafe_arabica_futuro,USD cents/lb,"Yahoo Finance (ticker KC=F, futuro ICE)"
2025-12-12,404.45001220703125,404.45001220703125,395.1000061035156,397.20001220703125,47,cafe_arabica_futuro,USD cents/lb,"Yahoo Finance (ticker KC=F, futuro ICE)"
2025-12-15,397.5,397.5,386.0,387.70001220703125,11,cafe_arabica_futuro,USD cents/lb,"Yahoo Finance (ticker KC=F, futuro ICE)"
2025-12-16,382.0,383.79998779296875,382.0,379.29998779296875,38,cafe_arabica_futuro,USD cents/lb,"Yahoo Finance (ticker KC=F, futuro ICE)"
2025-12-17,379.20001220703125,379.29998779296875,357.1499938964844,351.8999938964844,63,cafe_arabica_futuro,USD cents/lb,"Yahoo Finance (ticker KC=F, futuro ICE)"
2025-12-18,345.45001220703125,345.45001220703125,345.45001220703125,345.45001220703125,14223,cafe_arabica_futuro,USD cents/lb,"Yahoo Finance (ticker KC=F, futuro ICE)"
2025-12-19,346.6000061035156,348.54998779296875,340.0,340.6499938964844,19771,cafe_arabica_futuro,USD cents/lb,"Yahoo Finance (ticker KC=F, futuro ICE)"
2025-12-22,341.1000061035156,349.5,339.04998779296875,347.3500061035156,13070,cafe_arabica_futuro,USD cents/lb,"Yahoo Finance (ticker KC=F, futuro ICE)"
2025-12-23,350.0,352.3999938964844,345.6000061035156,346.95001220703125,11078,cafe_arabica_futuro,USD cents/lb,"Yahoo Finance (ticker KC=F, futuro ICE)"
2025-12-24,348.1000061035156,348.6499938964844,343.04998779296875,345.1499938964844,0,cafe_arabica_futuro,USD cents/lb,"Yahoo Finance (ticker KC=F, futuro ICE)"
2025-12-26,345.79998779296875,350.70001220703125,344.29998779296875,350.25,7348,cafe_arabica_futuro,USD cents/lb,"Yahoo Finance (ticker KC=F, futuro ICE)"
2025-12-29,349.5,354.29998779296875,347.04998779296875,352.1499938964844,9184,cafe_arabica_futuro,USD cents/lb,"Yahoo Finance (ticker KC=F, futuro ICE)"
2025-12-30,350.54998779296875,359.29998779296875,349.5,350.20001220703125,11564,cafe_arabica_futuro,USD cents/lb,"Yahoo Finance (ticker KC=F, futuro ICE)"
2025-12-31,349.5,353.8500061035156,348.04998779296875,348.75,0,cafe_arabica_futuro,USD cents/lb,"Yahoo Finance (ticker KC=F, futuro ICE)"
2026-01-02,348.3999938964844,358.04998779296875,345.20001220703125,357.29998779296875,11467,cafe_arabica_futuro,USD cents/lb,"Yahoo Finance (ticker KC=F, futuro ICE)"
2026-01-05,354.54998779296875,360.6499938964844,350.6000061035156,359.3500061035156,16945,cafe_arabica_futuro,USD cents/lb,"Yahoo Finance (ticker KC=F, futuro ICE)"
2026-01-06,358.20001220703125,374.29998779296875,356.79998779296875,373.8500061035156,26360,cafe_arabica_futuro,USD cents/lb,"Yahoo Finance (ticker KC=F, futuro ICE)"
2026-01-07,371.3500061035156,382.8500061035156,371.0,375.45001220703125,20432,cafe_arabica_futuro,USD cents/lb,"Yahoo Finance (ticker KC=F, futuro ICE)"
2026-01-08,373.04998779296875,383.8500061035156,371.6499938964844,372.3500061035156,15415,cafe_arabica_futuro,USD cents/lb,"Yahoo Finance (ticker KC=F, futuro ICE)"
2026-01-09,372.3500061035156,372.8999938964844,356.04998779296875,357.6499938964844,18736,cafe_arabica_futuro,USD cents/lb,"Yahoo Finance (ticker KC=F, futuro ICE)"
2026-01-12,357.6000061035156,358.8500061035156,352.79998779296875,356.04998779296875,12670,cafe_arabica_futuro,USD cents/lb,"Yahoo Finance (ticker KC=F, futuro ICE)"
2026-01-13,359.04998779296875,363.54998779296875,356.6499938964844,360.25,16540,cafe_arabica_futuro,USD cents/lb,"Yahoo Finance (ticker KC=F, futuro ICE)"
2026-01-14,362.8500061035156,363.3500061035156,353.75,356.0,13983,cafe_arabica_futuro,USD cents/lb,"Yahoo Finance (ticker KC=F, futuro ICE)"
2026-01-15,355.8999938964844,359.0,350.6000061035156,358.1000061035156,12328,cafe_arabica_futuro,USD cents/lb,"Yahoo Finance (ticker KC=F, futuro ICE)"
2026-01-16,358.6000061035156,361.29998779296875,354.6000061035156,355.29998779296875,10712,cafe_arabica_futuro,USD cents/lb,"Yahoo Finance (ticker KC=F, futuro ICE)"
2026-01-20,353.79998779296875,355.6499938964844,345.54998779296875,346.5,16721,cafe_arabica_futuro,USD cents/lb,"Yahoo Finance (ticker KC=F, futuro ICE)"
2026-01-21,346.29998779296875,348.20001220703125,341.79998779296875,347.5,18703,cafe_arabica_futuro,USD cents/lb,"Yahoo Finance (ticker KC=F, futuro ICE)"
2026-01-22,346.8999938964844,350.1499938964844,344.25,347.70001220703125,12189,cafe_arabica_futuro,USD cents/lb,"Yahoo Finance (ticker KC=F, futuro ICE)"
2026-01-23,347.75,355.3500061035156,346.8500061035156,350.8999938964844,12669,cafe_arabica_futuro,USD cents/lb,"Yahoo Finance (ticker KC=F, futuro ICE)"
2026-01-26,351.54998779296875,359.0,351.5,356.25,12737,cafe_arabica_futuro,USD cents/lb,"Yahoo Finance (ticker KC=F, futuro ICE)"
2026-01-27,357.20001220703125,370.0,357.0,367.25,18370,cafe_arabica_futuro,USD cents/lb,"Yahoo Finance (ticker KC=F, futuro ICE)"
2026-01-28,371.0,372.54998779296875,349.79998779296875,351.0,21411,cafe_arabica_futuro,USD cents/lb,"Yahoo Finance (ticker KC=F, futuro ICE)"
2026-01-29,351.54998779296875,352.54998779296875,344.6000061035156,345.5,15059,cafe_arabica_futuro,USD cents/lb,"Yahoo Finance (ticker KC=F, futuro ICE)"
2026-01-30,344.5,345.5,330.8999938964844,332.25,25468,cafe_arabica_futuro,USD cents/lb,"Yahoo Finance (ticker KC=F, futuro ICE)"
2026-02-02,331.75,338.25,331.0,333.25,16009,cafe_arabica_futuro,USD cents/lb,"Yahoo Finance (ticker KC=F, futuro ICE)"
2026-02-03,335.54998779296875,337.75,314.79998779296875,317.1000061035156,24083,cafe_arabica_futuro,USD cents/lb,"Yahoo Finance (ticker KC=F, futuro ICE)"
2026-02-04,319.3999938964844,324.79998779296875,307.1000061035156,308.6499938964844,29013,cafe_arabica_futuro,USD cents/lb,"Yahoo Finance (ticker KC=F, futuro ICE)"
2026-02-05,310.1499938964844,313.0,301.6000061035156,308.3999938964844,24237,cafe_arabica_futuro,USD cents/lb,"Yahoo Finance (ticker KC=F, futuro ICE)"
2026-02-06,312.04998779296875,315.0,293.6499938964844,296.54998779296875,29513,cafe_arabica_futuro,USD cents/lb,"Yahoo Finance (ticker KC=F, futuro ICE)"
2026-02-09,295.20001220703125,305.6000061035156,291.79998779296875,299.8500061035156,25888,cafe_arabica_futuro,USD cents/lb,"Yahoo Finance (ticker KC=F, futuro ICE)"
2026-02-10,301.3500061035156,304.0,292.6000061035156,294.20001220703125,21616,cafe_arabica_futuro,USD cents/lb,"Yahoo Finance (ticker KC=F, futuro ICE)"
2026-02-11,294.3999938964844,298.04998779296875,292.29998779296875,294.79998779296875,16466,cafe_arabica_futuro,USD cents/lb,"Yahoo Finance (ticker KC=F, futuro ICE)"
2026-02-12,297.20001220703125,302.45001220703125,295.75,299.6499938964844,11284,cafe_arabica_futuro,USD cents/lb,"Yahoo Finance (ticker KC=F, futuro ICE)"
2026-02-13,300.95001220703125,308.6000061035156,297.54998779296875,300.04998779296875,6668,cafe_arabica_futuro,USD cents/lb,"Yahoo Finance (ticker KC=F, futuro ICE)"
2026-02-17,296.8999938964844,299.3500061035156,282.04998779296875,284.6000061035156,6778,cafe_arabica_futuro,USD cents/lb,"Yahoo Finance (ticker KC=F, futuro ICE)"
2026-02-18,285.1000061035156,288.04998779296875,281.1499938964844,287.54998779296875,4046,cafe_arabica_futuro,USD cents/lb,"Yahoo Finance (ticker KC=F, futuro ICE)"
2026-02-19,288.54998779296875,289.70001220703125,279.29998779296875,287.3999938964844,180,cafe_arabica_futuro,USD cents/lb,"Yahoo Finance (ticker KC=F, futuro ICE)"
2026-02-20,291.0,291.0,286.6499938964844,288.29998779296875,81,cafe_arabica_futuro,USD cents/lb,"Yahoo Finance (ticker KC=F, futuro ICE)"
2026-02-23,286.1499938964844,286.1499938964844,281.8500061035156,281.1499938964844,79,cafe_arabica_futuro,USD cents/lb,"Yahoo Finance (ticker KC=F, futuro ICE)"
2026-02-24,282.1000061035156,288.25,278.6499938964844,288.25,79,cafe_arabica_futuro,USD cents/lb,"Yahoo Finance (ticker KC=F, futuro ICE)"
2026-02-25,290.0,290.0,286.70001220703125,288.29998779296875,59,cafe_arabica_futuro,USD cents/lb,"Yahoo Finance (ticker KC=F, futuro ICE)"
2026-02-26,289.29998779296875,289.29998779296875,285.6000061035156,286.0,32,cafe_arabica_futuro,USD cents/lb,"Yahoo Finance (ticker KC=F, futuro ICE)"
2026-02-27,286.1499938964844,286.45001220703125,284.79998779296875,284.6000061035156,25,cafe_arabica_futuro,USD cents/lb,"Yahoo Finance (ticker KC=F, futuro ICE)"
2026-03-02,282.54998779296875,288.25,282.5,288.3500061035156,11,cafe_arabica_futuro,USD cents/lb,"Yahoo Finance (ticker KC=F, futuro ICE)"
2026-03-03,288.3500061035156,290.0,286.54998779296875,286.95001220703125,21,cafe_arabica_futuro,USD cents/lb,"Yahoo Finance (ticker KC=F, futuro ICE)"
2026-03-04,290.70001220703125,290.70001220703125,290.70001220703125,290.70001220703125,10,cafe_arabica_futuro,USD cents/lb,"Yahoo Finance (ticker KC=F, futuro ICE)"
2026-03-05,290.6000061035156,290.6000061035156,290.6000061035156,293.0,31,cafe_arabica_futuro,USD cents/lb,"Yahoo Finance (ticker KC=F, futuro ICE)"
2026-03-06,297.6000061035156,297.6000061035156,297.6000061035156,297.6000061035156,19,cafe_arabica_futuro,USD cents/lb,"Yahoo Finance (ticker KC=F, futuro ICE)"
2026-03-09,299.79998779296875,304.0,299.6000061035156,301.75,10,cafe_arabica_futuro,USD cents/lb,"Yahoo Finance (ticker KC=F, futuro ICE)"
2026-03-10,299.1000061035156,299.1000061035156,299.1000061035156,300.54998779296875,52,cafe_arabica_futuro,USD cents/lb,"Yahoo Finance (ticker KC=F, futuro ICE)"
2026-03-11,292.0,292.0,292.0,292.0,4,cafe_arabica_futuro,USD cents/lb,"Yahoo Finance (ticker KC=F, futuro ICE)"
2026-03-12,300.8500061035156,300.8999938964844,299.70001220703125,296.5,6,cafe_arabica_futuro,USD cents/lb,"Yahoo Finance (ticker KC=F, futuro ICE)"
2026-03-13,292.75,292.75,292.75,290.3500061035156,73,cafe_arabica_futuro,USD cents/lb,"Yahoo Finance (ticker KC=F, futuro ICE)"
2026-03-16,297.75,297.75,297.75,297.75,4,cafe_arabica_futuro,USD cents/lb,"Yahoo Finance (ticker KC=F, futuro ICE)"
2026-03-17,302.04998779296875,302.04998779296875,302.04998779296875,302.04998779296875,4,cafe_arabica_futuro,USD cents/lb,"Yahoo Finance (ticker KC=F, futuro ICE)"
2026-03-18,305.0,305.0,297.3500061035156,299.70001220703125,42,cafe_arabica_futuro,USD cents/lb,"Yahoo Finance (ticker KC=F, futuro ICE)"
2026-03-19,306.20001220703125,306.20001220703125,306.20001220703125,306.20001220703125,17103,cafe_arabica_futuro,USD cents/lb,"Yahoo Finance (ticker KC=F, futuro ICE)"
2026-03-20,303.0,312.3999938964844,297.3999938964844,309.75,24943,cafe_arabica_futuro,USD cents/lb,"Yahoo Finance (ticker KC=F, futuro ICE)"
2026-03-23,308.79998779296875,312.70001220703125,300.95001220703125,307.0,18804,cafe_arabica_futuro,USD cents/lb,"Yahoo Finance (ticker KC=F, futuro ICE)"
2026-03-24,307.8999938964844,319.5,307.45001220703125,317.8500061035156,20239,cafe_arabica_futuro,USD cents/lb,"Yahoo Finance (ticker KC=F, futuro ICE)"
2026-03-25,317.5,318.79998779296875,311.45001220703125,316.1000061035156,16330,cafe_arabica_futuro,USD cents/lb,"Yahoo Finance (ticker KC=F, futuro ICE)"
2026-03-26,315.70001220703125,316.95001220703125,306.6000061035156,307.6499938964844,14703,cafe_arabica_futuro,USD cents/lb,"Yahoo Finance (ticker KC=F, futuro ICE)"
2026-03-27,307.3999938964844,309.1000061035156,300.0,301.70001220703125,13302,cafe_arabica_futuro,USD cents/lb,"Yahoo Finance (ticker KC=F, futuro ICE)"
2026-03-30,300.5,301.0,291.6499938964844,292.54998779296875,15119,cafe_arabica_futuro,USD cents/lb,"Yahoo Finance (ticker KC=F, futuro ICE)"
2026-03-31,294.3999938964844,299.0,292.79998779296875,298.3500061035156,15229,cafe_arabica_futuro,USD cents/lb,"Yahoo Finance (ticker KC=F, futuro ICE)"
2026-04-01,298.0,300.75,291.04998779296875,297.79998779296875,18200,cafe_arabica_futuro,USD cents/lb,"Yahoo Finance (ticker KC=F, futuro ICE)"
2026-04-02,300.8500061035156,301.5,292.25,295.3999938964844,13705,cafe_arabica_futuro,USD cents/lb,"Yahoo Finance (ticker KC=F, futuro ICE)"
2026-04-06,295.0,299.0,294.1499938964844,298.04998779296875,6617,cafe_arabica_futuro,USD cents/lb,"Yahoo Finance (ticker KC=F, futuro ICE)"
2026-04-07,297.70001220703125,298.3999938964844,285.54998779296875,286.1000061035156,21272,cafe_arabica_futuro,USD cents/lb,"Yahoo Finance (ticker KC=F, futuro ICE)"
2026-04-08,285.0,294.75,284.29998779296875,294.04998779296875,19514,cafe_arabica_futuro,USD cents/lb,"Yahoo Finance (ticker KC=F, futuro ICE)"
2026-04-09,293.8500061035156,296.8999938964844,289.75,293.70001220703125,21699,cafe_arabica_futuro,USD cents/lb,"Yahoo Finance (ticker KC=F, futuro ICE)"
2026-04-10,293.6499938964844,301.25,291.79998779296875,300.1000061035156,22923,cafe_arabica_futuro,USD cents/lb,"Yahoo Finance (ticker KC=F, futuro ICE)"
2026-04-13,299.0,305.75,298.29998779296875,300.8500061035156,17519,cafe_arabica_futuro,USD cents/lb,"Yahoo Finance (ticker KC=F, futuro ICE)"
2026-04-14,300.0,305.25,297.75,302.6499938964844,11349,cafe_arabica_futuro,USD cents/lb,"Yahoo Finance (ticker KC=F, futuro ICE)"
2026-04-15,303.1000061035156,305.45001220703125,300.1000061035156,304.25,10237,cafe_arabica_futuro,USD cents/lb,"Yahoo Finance (ticker KC=F, futuro ICE)"
2026-04-16,302.75,303.6000061035156,293.20001220703125,296.45001220703125,6059,cafe_arabica_futuro,USD cents/lb,"Yahoo Finance (ticker KC=F, futuro ICE)"
2026-04-17,297.1499938964844,298.5,288.3500061035156,289.29998779296875,5125,cafe_arabica_futuro,USD cents/lb,"Yahoo Finance (ticker KC=F, futuro ICE)"
2026-04-20,290.8999938964844,294.29998779296875,290.6000061035156,292.20001220703125,4426,cafe_arabica_futuro,USD cents/lb,"Yahoo Finance (ticker KC=F, futuro ICE)"
2026-04-21,292.29998779296875,299.8999938964844,284.20001220703125,289.0,3726,cafe_arabica_futuro,USD cents/lb,"Yahoo Finance (ticker KC=F, futuro ICE)"
2026-04-22,300.0,311.25,298.5,302.3999938964844,438,cafe_arabica_futuro,USD cents/lb,"Yahoo Finance (ticker KC=F, futuro ICE)"
2026-04-23,302.8999938964844,318.6499938964844,302.8999938964844,316.3500061035156,229,cafe_arabica_futuro,USD cents/lb,"Yahoo Finance (ticker KC=F, futuro ICE)"
2026-04-24,317.75,317.75,309.54998779296875,309.79998779296875,33,cafe_arabica_futuro,USD cents/lb,"Yahoo Finance (ticker KC=F, futuro ICE)"
2026-04-27,307.54998779296875,308.3500061035156,303.5,304.1000061035156,59,cafe_arabica_futuro,USD cents/lb,"Yahoo Finance (ticker KC=F, futuro ICE)"
2026-04-28,306.3500061035156,308.54998779296875,306.3500061035156,306.3999938964844,66,cafe_arabica_futuro,USD cents/lb,"Yahoo Finance (ticker KC=F, futuro ICE)"
2026-04-29,305.25,305.25,305.25,305.25,22,cafe_arabica_futuro,USD cents/lb,"Yahoo Finance (ticker KC=F, futuro ICE)"
2026-04-30,299.5,299.5,299.5,300.8999938964844,23,cafe_arabica_futuro,USD cents/lb,"Yahoo Finance (ticker KC=F, futuro ICE)"
2026-05-01,299.5,301.5,295.95001220703125,302.0,21,cafe_arabica_futuro,USD cents/lb,"Yahoo Finance (ticker KC=F, futuro ICE)"
2026-05-04,302.20001220703125,302.20001220703125,302.20001220703125,302.20001220703125,22,cafe_arabica_futuro,USD cents/lb,"Yahoo Finance (ticker KC=F, futuro ICE)"
2026-05-05,307.20001220703125,309.8500061035156,307.20001220703125,305.8500061035156,10,cafe_arabica_futuro,USD cents/lb,"Yahoo Finance (ticker KC=F, futuro ICE)"
2026-05-06,303.75,303.75,301.1000061035156,299.45001220703125,6,cafe_arabica_futuro,USD cents/lb,"Yahoo Finance (ticker KC=F, futuro ICE)"
2026-05-07,298.70001220703125,298.70001220703125,292.8500061035156,291.04998779296875,64,cafe_arabica_futuro,USD cents/lb,"Yahoo Finance (ticker KC=F, futuro ICE)"
2026-05-08,289.70001220703125,289.70001220703125,289.70001220703125,289.70001220703125,1,cafe_arabica_futuro,USD cents/lb,"Yahoo Finance (ticker KC=F, futuro ICE)"
2026-05-11,287.0,295.0,287.0,298.6000061035156,13,cafe_arabica_futuro,USD cents/lb,"Yahoo Finance (ticker KC=F, futuro ICE)"
2026-05-12,295.5,297.3500061035156,295.5,294.79998779296875,18,cafe_arabica_futuro,USD cents/lb,"Yahoo Finance (ticker KC=F, futuro ICE)"
2026-05-13,296.0,300.0,296.0,296.25,43,cafe_arabica_futuro,USD cents/lb,"Yahoo Finance (ticker KC=F, futuro ICE)"
2026-05-14,294.45001220703125,294.45001220703125,294.45001220703125,294.45001220703125,15,cafe_arabica_futuro,USD cents/lb,"Yahoo Finance (ticker KC=F, futuro ICE)"
2026-05-15,286.6499938964844,291.6499938964844,286.6499938964844,284.6000061035156,20,cafe_arabica_futuro,USD cents/lb,"Yahoo Finance (ticker KC=F, futuro ICE)"
2026-05-18,280.0,280.0,279.1499938964844,276.20001220703125,15878,cafe_arabica_futuro,USD cents/lb,"Yahoo Finance (ticker KC=F, futuro ICE)"
2026-05-19,266.3999938964844,270.95001220703125,262.8500061035156,270.1499938964844,15134,cafe_arabica_futuro,USD cents/lb,"Yahoo Finance (ticker KC=F, futuro ICE)"
2026-05-20,270.0,272.0,264.20001220703125,268.29998779296875,13829,cafe_arabica_futuro,USD cents/lb,"Yahoo Finance (ticker KC=F, futuro ICE)"
2026-05-21,268.79998779296875,274.29998779296875,266.5,273.3999938964844,12676,cafe_arabica_futuro,USD cents/lb,"Yahoo Finance (ticker KC=F, futuro ICE)"
2026-05-22,273.8500061035156,274.79998779296875,270.70001220703125,272.3500061035156,8179,cafe_arabica_futuro,USD cents/lb,"Yahoo Finance (ticker KC=F, futuro ICE)"
2026-05-26,270.3999938964844,275.25,267.1499938964844,274.0,11869,cafe_arabica_futuro,USD cents/lb,"Yahoo Finance (ticker KC=F, futuro ICE)"
2026-05-27,273.8500061035156,276.79998779296875,268.79998779296875,269.8500061035156,10798,cafe_arabica_futuro,USD cents/lb,"Yahoo Finance (ticker KC=F, futuro ICE)"
2026-05-28,271.0,278.3999938964844,270.95001220703125,274.25,13924,cafe_arabica_futuro,USD cents/lb,"Yahoo Finance (ticker KC=F, futuro ICE)"
2026-05-29,273.25,274.6000061035156,265.29998779296875,265.6000061035156,14216,cafe_arabica_futuro,USD cents/lb,"Yahoo Finance (ticker KC=F, futuro ICE)"
2026-06-01,265.8500061035156,269.3999938964844,259.54998779296875,260.6000061035156,17189,cafe_arabica_futuro,USD cents/lb,"Yahoo Finance (ticker KC=F, futuro ICE)"
2026-06-02,260.70001220703125,262.29998779296875,258.1499938964844,259.20001220703125,12712,cafe_arabica_futuro,USD cents/lb,"Yahoo Finance (ticker KC=F, futuro ICE)"
2026-06-03,261.1000061035156,261.70001220703125,252.39999389648438,253.10000610351562,19790,cafe_arabica_futuro,USD cents/lb,"Yahoo Finance (ticker KC=F, futuro ICE)"
2026-06-04,252.75,254.10000610351562,246.85000610351562,247.14999389648438,19034,cafe_arabica_futuro,USD cents/lb,"Yahoo Finance (ticker KC=F, futuro ICE)"
2026-06-05,248.0,249.1999969482422,243.3000030517578,246.5,26616,cafe_arabica_futuro,USD cents/lb,"Yahoo Finance (ticker KC=F, futuro ICE)"
2026-06-08,246.0,250.85000610351562,244.3000030517578,245.89999389648438,22261,cafe_arabica_futuro,USD cents/lb,"Yahoo Finance (ticker KC=F, futuro ICE)"
2026-06-09,245.60000610351562,249.14999389648438,242.6999969482422,244.39999389648438,26801,cafe_arabica_futuro,USD cents/lb,"Yahoo Finance (ticker KC=F, futuro ICE)"
2026-06-10,245.1999969482422,250.14999389648438,244.6999969482422,248.39999389648438,21904,cafe_arabica_futuro,USD cents/lb,"Yahoo Finance (ticker KC=F, futuro ICE)"
2026-06-11,247.5,255.5,247.5,253.9499969482422,19762,cafe_arabica_futuro,USD cents/lb,"Yahoo Finance (ticker KC=F, futuro ICE)"
2026-06-12,255.0,257.95001220703125,252.89999389648438,257.20001220703125,14442,cafe_arabica_futuro,USD cents/lb,"Yahoo Finance (ticker KC=F, futuro ICE)"
2026-06-15,256.20001220703125,265.1000061035156,256.20001220703125,262.95001220703125,12105,cafe_arabica_futuro,USD cents/lb,"Yahoo Finance (ticker KC=F, futuro ICE)"
2026-06-16,263.95001220703125,279.20001220703125,260.3999938964844,277.25,10541,cafe_arabica_futuro,USD cents/lb,"Yahoo Finance (ticker KC=F, futuro ICE)"
2026-06-17,277.5,279.95001220703125,271.70001220703125,277.8500061035156,5413,cafe_arabica_futuro,USD cents/lb,"Yahoo Finance (ticker KC=F, futuro ICE)"
2026-06-18,279.75,285.75,270.5,275.1000061035156,5292,cafe_arabica_futuro,USD cents/lb,"Yahoo Finance (ticker KC=F, futuro ICE)"
2026-06-22,272.0,278.45001220703125,269.79998779296875,277.0,279,cafe_arabica_futuro,USD cents/lb,"Yahoo Finance (ticker KC=F, futuro ICE)"
2026-06-23,273.1499938964844,290.95001220703125,273.1499938964844,287.95001220703125,157,cafe_arabica_futuro,USD cents/lb,"Yahoo Finance (ticker KC=F, futuro ICE)"
2026-06-24,290.0,298.79998779296875,288.0,291.54998779296875,86,cafe_arabica_futuro,USD cents/lb,"Yahoo Finance (ticker KC=F, futuro ICE)"
2026-06-25,295.3500061035156,295.3500061035156,282.0,288.79998779296875,77,cafe_arabica_futuro,USD cents/lb,"Yahoo Finance (ticker KC=F, futuro ICE)"
2026-06-26,285.29998779296875,285.29998779296875,285.29998779296875,286.75,2,cafe_arabica_futuro,USD cents/lb,"Yahoo Finance (ticker KC=F, futuro ICE)"
2026-06-29,291.1000061035156,291.1000061035156,291.1000061035156,291.1000061035156,1,cafe_arabica_futuro,USD cents/lb,"Yahoo Finance (ticker KC=F, futuro ICE)"
2026-06-30,312.0,314.1000061035156,312.0,311.20001220703125,32,cafe_arabica_futuro,USD cents/lb,"Yahoo Finance (ticker KC=F, futuro ICE)"
2026-07-01,310.0,326.25,310.0,324.29998779296875,29,cafe_arabica_futuro,USD cents/lb,"Yahoo Finance (ticker KC=F, futuro ICE)"
2026-07-02,315.6499938964844,315.6499938964844,315.6499938964844,315.6499938964844,118,cafe_arabica_futuro,USD cents/lb,"Yahoo Finance (ticker KC=F, futuro ICE)"
2026-07-06,333.8500061035156,348.0,333.8500061035156,363.95001220703125,6,cafe_arabica_futuro,USD cents/lb,"Yahoo Finance (ticker KC=F, futuro ICE)"
2026-07-07,331.6000061035156,331.6000061035156,331.6000061035156,331.6000061035156,1,cafe_arabica_futuro,USD cents/lb,"Yahoo Finance (ticker KC=F, futuro ICE)"
2026-07-08,334.1000061035156,334.1000061035156,319.0,324.25,5,cafe_arabica_futuro,USD cents/lb,"Yahoo Finance (ticker KC=F, futuro ICE)"
2026-07-09,356.95001220703125,356.95001220703125,356.95001220703125,356.95001220703125,52,cafe_arabica_futuro,USD cents/lb,"Yahoo Finance (ticker KC=F, futuro ICE)"
2026-07-10,343.0,343.0,343.0,343.0,0,cafe_arabica_futuro,USD cents/lb,"Yahoo Finance (ticker KC=F, futuro ICE)"
2026-07-13,341.3999938964844,341.3999938964844,341.3999938964844,341.3999938964844,0,cafe_arabica_futuro,USD cents/lb,"Yahoo Finance (ticker KC=F, futuro ICE)"
2026-07-14,335.0,335.0,335.0,337.20001220703125,1,cafe_arabica_futuro,USD cents/lb,"Yahoo Finance (ticker KC=F, futuro ICE)"
2026-07-15,334.45001220703125,334.45001220703125,334.45001220703125,334.45001220703125,3,cafe_arabica_futuro,USD cents/lb,"Yahoo Finance (ticker KC=F, futuro ICE)"
2026-07-16,321.29998779296875,321.29998779296875,321.29998779296875,321.29998779296875,0,cafe_arabica_futuro,USD cents/lb,"Yahoo Finance (ticker KC=F, futuro ICE)"
2026-07-17,328.45001220703125,328.45001220703125,328.45001220703125,328.45001220703125,37,cafe_arabica_futuro,USD cents/lb,"Yahoo Finance (ticker KC=F, futuro ICE)"
2026-07-20,328.45001220703125,335.25,328.45001220703125,334.3999938964844,16,cafe_arabica_futuro,USD cents/lb,"Yahoo Finance (ticker KC=F, futuro ICE)"
2026-07-21,331.95001220703125,331.95001220703125,331.95001220703125,331.95001220703125,14600,cafe_arabica_futuro,USD cents/lb,"Yahoo Finance (ticker KC=F, futuro ICE)"
2026-07-22,320.8500061035156,324.6000061035156,313.3500061035156,316.6499938964844,12355,cafe_arabica_futuro,USD cents/lb,"Yahoo Finance (ticker KC=F, futuro ICE)"
2026-07-23,320.54998779296875,321.29998779296875,308.25,309.3999938964844,12910,cafe_arabica_futuro,USD cents/lb,"Yahoo Finance (ticker KC=F, futuro ICE)"
2026-07-24,311.5,318.54998779296875,306.3999938964844,313.79998779296875,14168,cafe_arabica_futuro,USD cents/lb,"Yahoo Finance (ticker KC=F, futuro ICE)"
2026-07-27,314.0,333.45001220703125,313.8999938964844,324.54998779296875,19666,cafe_arabica_futuro,USD cents/lb,"Yahoo Finance (ticker KC=F, futuro ICE)"
2026-07-28,328.0,346.6499938964844,328.0,339.3999938964844,21644,cafe_arabica_futuro,USD cents/lb,"Yahoo Finance (ticker KC=F, futuro ICE)"
2026-07-29,334.25,342.75,324.3500061035156,325.79998779296875,16261,cafe_arabica_futuro,USD cents/lb,"Yahoo Finance (ticker KC=F, futuro ICE)"
2026-07-30,332.0,338.75,322.25,323.04998779296875,18619,cafe_arabica_futuro,USD cents/lb,"Yahoo Finance (ticker KC=F, futuro ICE)"
2026-07-31,325.75,334.3999938964844,320.8999938964844,332.1000061035156,11335,cafe_arabica_futuro,USD cents/lb,"Yahoo Finance (ticker KC=F, futuro ICE)"
2026-08-03,332.0,332.6499938964844,317.25,319.5,17659,cafe_arabica_futuro,USD cents/lb,"Yahoo Finance (ticker KC=F, futuro ICE)"
2026-08-04,322.54998779296875,326.79998779296875,318.79998779296875,324.1000061035156,13121,cafe_arabica_futuro,USD cents/lb,"Yahoo Finance (ticker KC=F, futuro ICE)"
2026-08-05,325.3999938964844,331.5,321.6000061035156,326.8999938964844,13986,cafe_arabica_futuro,USD cents/lb,"Yahoo Finance (ticker KC=F, futuro ICE)"
2026-08-06,327.0,330.3999938964844,318.29998779296875,321.6499938964844,12567,cafe_arabica_futuro,USD cents/lb,"Yahoo Finance (ticker KC=F, futuro ICE)"
2026-08-07,322.1499938964844,342.0,322.1499938964844,335.54998779296875,19833,cafe_arabica_futuro,USD cents/lb,"Yahoo Finance (ticker KC=F, futuro ICE)"
2026-08-10,335.0,338.8999938964844,326.75,332.29998779296875,19712,cafe_arabica_futuro,USD cents/lb,"Yahoo Finance (ticker KC=F, futuro ICE)"
2026-08-11,333.45001220703125,348.79998779296875,332.5,335.75,18061,cafe_arabica_futuro,USD cents/lb,"Yahoo Finance (ticker KC=F, futuro ICE)"
2026-08-12,336.6000061035156,342.04998779296875,333.3999938964844,340.1000061035156,13042,cafe_arabica_futuro,USD cents/lb,"Yahoo Finance (ticker KC=F, futuro ICE)"
2026-08-13,338.0,341.25,331.0,333.1000061035156,11817,cafe_arabica_futuro,USD cents/lb,"Yahoo Finance (ticker KC=F, futuro ICE)"
2026-08-14,332.1499938964844,340.70001220703125,329.04998779296875,338.1000061035156,14332,cafe_arabica_futuro,USD cents/lb,"Yahoo Finance (ticker KC=F, futuro ICE)"
2026-08-17,338.5,354.0,338.5,345.1000061035156,8100,cafe_arabica_futuro,USD cents/lb,"Yahoo Finance (ticker KC=F, futuro ICE)"
2026-08-18,346.25,364.25,344.8999938964844,363.3999938964844,6212,cafe_arabica_futuro,USD cents/lb,"Yahoo Finance (ticker KC=F, futuro ICE)"
2026-08-19,364.45001220703125,369.20001220703125,355.0,359.5,5463,cafe_arabica_futuro,USD cents/lb,"Yahoo Finance (ticker KC=F, futuro ICE)"
2026-08-20,359.79998779296875,366.1000061035156,351.20001220703125,363.6000061035156,3645,cafe_arabica_futuro,USD cents/lb,"Yahoo Finance (ticker KC=F, futuro ICE)"
2026-08-21,363.75,370.1000061035156,359.0,358.75,301,cafe_arabica_futuro,USD cents/lb,"Yahoo Finance (ticker KC=F, futuro ICE)"
2026-08-24,360.8500061035156,377.95001220703125,359.6499938964844,377.75,35,cafe_arabica_futuro,USD cents/lb,"Yahoo Finance (ticker KC=F, futuro ICE)"
2026-08-25,376.70001220703125,377.0,366.5,371.3999938964844,49,cafe_arabica_futuro,USD cents/lb,"Yahoo Finance (ticker KC=F, futuro ICE)"
2026-08-26,367.95001220703125,367.95001220703125,356.6499938964844,357.6000061035156,49,cafe_arabica_futuro,USD cents/lb,"Yahoo Finance (ticker KC=F, futuro ICE)"
2026-08-27,316.8999938964844,317.0,306.45001220703125,311.3999938964844,0,cafe_arabica_futuro,USD cents/lb,"Yahoo Finance (ticker KC=F, futuro ICE)"
